'name', 'street', 'locality', 'region', 'zip', 'SU0', 'SU1', 'SU2', 'SU3', 'SU4', 'SU5', 'SU6', 'SU7', 'SU8', 'SU9', 'SU10', 'SU11', 'SU12', 'SU13', 'SU14', 'SU15', 'SU16', 'SU17', 'SU18', 'SU19', 'SU20', 'SU21', 'SU22', 'SU23',  'M0', 'M1', 'M2', 'M3', 'M4', 'M5', 'M6', 'M7', 'M8', 'M9', 'M10', 'M11', 'M12',  'M13', 'M14', 'M15', 'M16', 'M17', 'M18', 'M19', 'M20', 'M21', 'M22', 'M23', 'TU0', 'TU1', 'TU2', 'TU3', 'TU4', 'TU5', 'TU6', 'TU7', 'TU8', 'TU9', 'TU10',  'TU11', 'TU12', 'TU13', 'TU14', 'TU15', 'TU16', 'TU17', 'TU18', 'TU19', 'TU20', 'TU21', 'TU22', 'TU23',  'W0', 'W1', 'W2', 'W3', 'W4', 'W5', 'W6', 'W7', 'W8', 'W9', 'W10', 'W11', 'W12', 'W13',  'W14', 'W15', 'W16', 'W17', 'W18', 'W19', 'W20', 'W21', 'W22', 'W23',  'TH0', 'TH1', 'TH2', 'TH3', 'TH4', 'TH5', 'TH6', 'TH7', 'TH8', 'TH9', 'TH10', 'TH11', 'TH12', 'TH13', 'TH14', 'TH15', 'TH16', 'TH17', 'TH18', 'TH19', 'TH20', 'TH21', 'TH22', 'TH23', 'F0', 'F1', 'F2', 'F3', 'F4', 'F5', 'F6', 'F7', 'F8', 'F9', 'F10', 'F11', 'F12',  'F13', 'F14', 'F15', 'F16', 'F17', 'F18', 'F19', 'F20', 'F21', 'F22', 'F23',  'SA0', 'SA1', 'SA2', 'SA3', 'SA4', 'SA5', 'SA6', 'SA7', 'SA8', 'SA9', 'SA10', 'SA11', 'SA12', 'SA13', 'SA14', 'SA15', 'SA16', 'SA17', 'SA18', 'SA19', 'SA20', 'SA21', 'SA22', 'SA23', 'title transfers', 'licensing services', 'replace lost/stolen/damaged', 'plates, permits, & placards', 'testing', 'records', 'registration', 'request miscellaneous original documents', 'other'
Fall River Mills,43467 Hwy 299E, Fall River Mills, CA,96028,NA,NA,NA,NA,NA,NA,NA,NA,NA,NA,NA,NA,NA,NA,NA,NA,NA,NA,NA,NA,NA,NA,NA,NA,NA,NA,NA,NA,NA,NA,NA,0,2,5,2,2,0,3,2,2,1,0,0,NA,NA,NA,NA,NA,NA,NA,NA,NA,NA,NA,NA,0,2,1,3,2,0,2,2,1,1,0,0,NA,NA,NA,NA,NA,NA,NA,NA,NA,NA,NA,NA,0,0,1,1,2,0,1,6,6,1,0,0,NA,NA,NA,NA,NA,NA,NA,NA,NA,NA,NA,NA,0,1,1,2,2,0,1,1,1,1,0,0,NA,NA,NA,NA,NA,NA,NA,NA,NA,NA,NA,NA,0,1,1,2,2,1,2,2,1,1,0,0,NA,NA,NA,NA,NA,NA,NA,NA,NA,NA,NA,NA,0,0,0,0,0,0,0,0,0,0,0,0,NA,NA,NA,NA,NA,1,1,1,1,1,1,1,1,NA
Mt Shasta,154 Morgan Way, Mt Shasta, CA,96067,NA,NA,NA,NA,NA,NA,NA,NA,NA,NA,NA,NA,NA,NA,NA,NA,NA,NA,NA,NA,NA,NA,NA,NA,NA,NA,NA,NA,NA,NA,NA,0,10,11,7,20,19,16,19,16,9,0,0,NA,NA,NA,NA,NA,NA,NA,NA,NA,NA,NA,NA,0,5,2,13,11,9,6,8,9,6,0,0,NA,NA,NA,NA,NA,NA,NA,NA,NA,NA,NA,NA,0,1,3,7,10,8,8,11,7,2,0,0,NA,NA,NA,NA,NA,NA,NA,NA,NA,NA,NA,NA,0,3,6,17,15,12,7,2,8,2,0,0,NA,NA,NA,NA,NA,NA,NA,NA,NA,NA,NA,NA,0,3,1,2,4,6,5,8,11,5,0,0,NA,NA,NA,NA,NA,NA,NA,NA,NA,NA,NA,NA,0,0,0,0,0,0,0,0,0,0,0,0,NA,NA,NA,NA,NA,1,1,1,1,1,1,1,1,NA
Alturas,903 W C St, Alturas, CA,96101,NA,NA,NA,NA,NA,NA,NA,NA,NA,NA,NA,NA,NA,NA,NA,NA,NA,NA,NA,NA,NA,NA,NA,NA,NA,NA,NA,NA,NA,NA,NA,0,1,1,1,2,0,2,2,1,0,0,0,NA,NA,NA,NA,NA,NA,NA,NA,NA,NA,NA,NA,0,1,1,1,0,0,1,1,0,1,0,0,NA,NA,NA,NA,NA,NA,NA,NA,NA,NA,NA,NA,0,1,1,0,1,0,1,2,1,0,0,0,NA,NA,NA,NA,NA,NA,NA,NA,NA,NA,NA,NA,0,1,1,1,1,0,2,1,1,0,0,0,NA,NA,NA,NA,NA,NA,NA,NA,NA,NA,NA,NA,0,1,1,1,2,0,4,1,1,1,0,0,NA,NA,NA,NA,NA,NA,NA,NA,NA,NA,NA,NA,0,0,0,0,0,0,0,0,0,0,0,0,NA,NA,NA,NA,NA,1,1,1,1,1,1,1,1,NA
Tulelake,399 Main Street, Tulelake, CA,96134,NA,NA,NA,NA,NA,NA,NA,NA,NA,NA,NA,NA,NA,NA,NA,NA,NA,NA,NA,NA,NA,NA,NA,NA,NA,NA,NA,NA,NA,NA,NA,0,0,0,0,0,0,0,0,0,0,0,0,NA,NA,NA,NA,NA,NA,NA,NA,NA,NA,NA,NA,0,0,0,0,0,0,0,0,0,0,0,0,NA,NA,NA,NA,NA,NA,NA,NA,NA,NA,NA,NA,0,0,0,0,0,0,0,0,0,0,0,0,NA,NA,NA,NA,NA,NA,NA,NA,NA,NA,NA,NA,0,0,0,0,0,0,0,0,0,0,0,0,NA,NA,NA,NA,NA,NA,NA,NA,NA,NA,NA,NA,0,0,0,0,0,0,0,0,0,0,0,0,NA,NA,NA,NA,NA,NA,NA,NA,NA,NA,NA,NA,0,0,0,0,0,0,0,0,0,0,0,0,NA,NA,NA,NA,NA,1,1,1,1,1,1,1,1,NA
Yreka,1848 Fort Jones Rd, Yreka, CA,96097,NA,NA,NA,NA,NA,NA,NA,NA,NA,NA,NA,NA,NA,NA,NA,NA,NA,NA,NA,NA,NA,NA,NA,NA,NA,NA,NA,NA,NA,NA,NA,0,7,9,12,15,5,9,12,20,11,0,0,NA,NA,NA,NA,NA,NA,NA,NA,NA,NA,NA,NA,0,3,5,8,13,19,8,19,13,3,0,0,NA,NA,NA,NA,NA,NA,NA,NA,NA,NA,NA,NA,0,1,5,6,4,12,7,6,3,1,0,0,NA,NA,NA,NA,NA,NA,NA,NA,NA,NA,NA,NA,0,2,2,10,13,5,6,7,7,4,0,0,NA,NA,NA,NA,NA,NA,NA,NA,NA,NA,NA,NA,0,4,10,13,15,11,5,10,15,3,0,0,NA,NA,NA,NA,NA,NA,NA,NA,NA,NA,NA,NA,0,0,0,0,0,0,0,0,0,0,0,0,NA,NA,NA,NA,NA,1,1,1,1,1,1,1,1,NA
Weaverville,1511 Main Street, Weaverville, CA,96093,NA,NA,NA,NA,NA,NA,NA,NA,NA,NA,NA,NA,NA,NA,NA,NA,NA,NA,NA,NA,NA,NA,NA,NA,NA,NA,NA,NA,NA,NA,NA,0,1,5,8,7,0,4,7,8,2,0,0,NA,NA,NA,NA,NA,NA,NA,NA,NA,NA,NA,NA,0,2,2,6,7,6,3,5,3,1,0,0,NA,NA,NA,NA,NA,NA,NA,NA,NA,NA,NA,NA,0,1,4,2,1,0,2,3,2,2,0,0,NA,NA,NA,NA,NA,NA,NA,NA,NA,NA,NA,NA,0,1,4,8,4,0,2,3,4,2,0,0,NA,NA,NA,NA,NA,NA,NA,NA,NA,NA,NA,NA,0,1,1,1,1,0,2,6,3,2,0,0,NA,NA,NA,NA,NA,NA,NA,NA,NA,NA,NA,NA,0,0,0,0,0,0,0,0,0,0,0,0,NA,NA,NA,NA,NA,1,1,1,1,1,1,1,1,NA
Redding,2135 Civic Center Drive, Redding, CA,96001,NA,NA,NA,NA,NA,NA,NA,NA,NA,NA,NA,NA,NA,NA,NA,NA,NA,NA,NA,NA,NA,NA,NA,NA,NA,NA,NA,NA,NA,NA,NA,0,8,28,42,14,25,25,19,23,16,1,0,NA,NA,NA,NA,NA,NA,NA,NA,NA,NA,NA,NA,0,7,18,23,26,21,20,17,15,16,0,0,NA,NA,NA,NA,NA,NA,NA,NA,NA,NA,NA,NA,0,1,8,20,16,18,13,20,12,5,0,0,NA,NA,NA,NA,NA,NA,NA,NA,NA,NA,NA,NA,0,7,14,17,17,23,16,14,19,14,0,0,NA,NA,NA,NA,NA,NA,NA,NA,NA,NA,NA,NA,0,5,18,23,9,13,16,22,13,3,0,0,NA,NA,NA,NA,NA,NA,NA,NA,NA,NA,NA,NA,0,0,0,0,0,0,0,0,0,0,0,0,NA,NA,NA,NA,NA,1,1,1,1,1,1,1,1,NA
Red Bluff,675 Monroe Street, Red Bluff, CA,96080,NA,NA,NA,NA,NA,NA,NA,NA,NA,NA,NA,NA,NA,NA,NA,NA,NA,NA,NA,NA,NA,NA,NA,NA,NA,NA,NA,NA,NA,NA,NA,0,8,16,22,25,24,21,12,15,10,0,0,NA,NA,NA,NA,NA,NA,NA,NA,NA,NA,NA,NA,0,6,14,13,13,14,12,17,15,5,0,0,NA,NA,NA,NA,NA,NA,NA,NA,NA,NA,NA,NA,0,1,8,14,14,15,8,5,6,2,0,0,NA,NA,NA,NA,NA,NA,NA,NA,NA,NA,NA,NA,0,6,8,10,9,7,4,7,14,11,0,0,NA,NA,NA,NA,NA,NA,NA,NA,NA,NA,NA,NA,0,5,6,6,5,9,12,14,9,4,0,0,NA,NA,NA,NA,NA,NA,NA,NA,NA,NA,NA,NA,0,0,0,0,0,0,0,0,0,0,0,0,NA,NA,NA,NA,NA,1,1,1,1,1,1,1,1,NA
Chico,107 Parmac Rd #1, Chico, CA,95926,NA,NA,NA,NA,NA,NA,NA,NA,NA,NA,NA,NA,NA,NA,NA,NA,NA,NA,NA,NA,NA,NA,NA,NA,NA,NA,NA,NA,NA,NA,NA,0,8,25,26,20,25,10,12,22,14,0,0,NA,NA,NA,NA,NA,NA,NA,NA,NA,NA,NA,NA,0,10,12,18,7,9,7,12,20,3,0,0,NA,NA,NA,NA,NA,NA,NA,NA,NA,NA,NA,NA,0,3,11,21,20,7,9,13,16,12,0,0,NA,NA,NA,NA,NA,NA,NA,NA,NA,NA,NA,NA,0,6,6,13,9,11,6,7,18,8,0,0,NA,NA,NA,NA,NA,NA,NA,NA,NA,NA,NA,NA,0,6,13,24,17,10,8,14,19,8,0,0,NA,NA,NA,NA,NA,NA,NA,NA,NA,NA,NA,NA,0,0,0,0,0,0,0,0,0,0,0,0,NA,NA,NA,NA,NA,1,1,1,1,1,1,1,1,NA
Yuba City,1570 Poole Boulevard, Yuba City, CA,95993,NA,NA,NA,NA,NA,NA,NA,NA,NA,NA,NA,NA,NA,NA,NA,NA,NA,NA,NA,NA,NA,NA,NA,NA,NA,NA,NA,NA,NA,NA,NA,1,15,17,17,19,14,12,17,20,18,0,0,NA,NA,NA,NA,NA,NA,NA,NA,NA,NA,NA,NA,1,17,19,20,17,11,14,14,14,10,0,0,NA,NA,NA,NA,NA,NA,NA,NA,NA,NA,NA,NA,1,3,11,12,8,13,16,13,15,10,0,0,NA,NA,NA,NA,NA,NA,NA,NA,NA,NA,NA,NA,0,12,10,8,8,9,12,12,10,8,0,0,NA,NA,NA,NA,NA,NA,NA,NA,NA,NA,NA,NA,0,14,15,12,18,18,16,12,14,10,0,0,NA,NA,NA,NA,NA,NA,NA,NA,NA,NA,NA,NA,0,0,0,0,0,0,0,0,0,0,0,0,NA,NA,NA,NA,NA,1,1,1,1,1,1,1,1,NA
Grass Valley,890 Sutton Way, Grass Valley, CA,95945,NA,NA,NA,NA,NA,NA,NA,NA,NA,NA,NA,NA,NA,NA,NA,NA,NA,NA,NA,NA,NA,NA,NA,NA,NA,NA,NA,NA,NA,NA,NA,0,12,17,9,20,14,14,21,19,3,0,0,NA,NA,NA,NA,NA,NA,NA,NA,NA,NA,NA,NA,0,5,8,9,11,8,8,10,10,4,0,0,NA,NA,NA,NA,NA,NA,NA,NA,NA,NA,NA,NA,0,1,5,9,12,9,11,7,4,3,0,0,NA,NA,NA,NA,NA,NA,NA,NA,NA,NA,NA,NA,0,4,7,10,6,8,9,8,8,5,0,0,NA,NA,NA,NA,NA,NA,NA,NA,NA,NA,NA,NA,0,6,16,8,9,7,9,12,9,3,0,0,NA,NA,NA,NA,NA,NA,NA,NA,NA,NA,NA,NA,0,0,0,0,0,0,0,0,0,0,0,0,NA,NA,NA,NA,NA,1,1,1,1,1,1,1,1,NA
Auburn,11722 Enterprise Dr, Auburn, CA,95603,NA,NA,NA,NA,NA,NA,NA,NA,NA,NA,NA,NA,NA,NA,NA,NA,NA,NA,NA,NA,NA,NA,NA,NA,NA,NA,NA,NA,NA,NA,NA,0,10,22,26,29,27,29,17,10,5,0,0,NA,NA,NA,NA,NA,NA,NA,NA,NA,NA,NA,NA,0,7,15,8,6,14,21,18,18,14,0,0,NA,NA,NA,NA,NA,NA,NA,NA,NA,NA,NA,NA,0,2,11,23,29,38,31,13,17,14,0,0,NA,NA,NA,NA,NA,NA,NA,NA,NA,NA,NA,NA,0,7,15,18,13,19,20,10,13,4,0,0,NA,NA,NA,NA,NA,NA,NA,NA,NA,NA,NA,NA,0,10,23,27,34,28,28,23,29,17,0,0,NA,NA,NA,NA,NA,NA,NA,NA,NA,NA,NA,NA,0,0,0,0,0,0,0,0,0,0,0,0,NA,NA,NA,NA,NA,1,1,1,1,1,1,1,1,NA
Rocklin,5245 South Grove, Rocklin, CA,95677,NA,NA,NA,NA,NA,NA,NA,NA,NA,NA,NA,NA,NA,NA,NA,NA,NA,NA,NA,NA,NA,NA,NA,NA,NA,NA,NA,NA,NA,NA,NA,0,10,24,28,30,40,39,44,39,10,0,0,NA,NA,NA,NA,NA,NA,NA,NA,NA,NA,NA,NA,0,12,21,21,16,15,22,29,30,11,0,0,NA,NA,NA,NA,NA,NA,NA,NA,NA,NA,NA,NA,0,4,10,14,17,15,13,10,5,4,0,0,NA,NA,NA,NA,NA,NA,NA,NA,NA,NA,NA,NA,0,7,11,12,16,14,13,14,12,8,0,0,NA,NA,NA,NA,NA,NA,NA,NA,NA,NA,NA,NA,0,10,18,14,22,22,28,23,24,9,0,0,NA,NA,NA,NA,NA,NA,NA,NA,NA,NA,NA,NA,0,0,0,0,0,0,0,0,0,0,0,0,NA,NA,NA,NA,NA,1,1,1,1,1,1,1,1,NA
Roseville,7200 Galilee Road, Roseville, CA,95678,NA,NA,NA,NA,NA,NA,NA,NA,NA,NA,NA,NA,NA,NA,NA,NA,NA,NA,NA,NA,NA,NA,NA,NA,NA,NA,NA,NA,NA,NA,NA,0,13,41,63,66,62,56,54,51,39,7,0,NA,NA,NA,NA,NA,NA,NA,NA,NA,NA,NA,NA,0,12,30,42,45,45,45,42,38,42,4,0,NA,NA,NA,NA,NA,NA,NA,NA,NA,NA,NA,NA,0,3,13,18,24,23,33,39,40,32,6,0,NA,NA,NA,NA,NA,NA,NA,NA,NA,NA,NA,NA,0,7,15,24,21,25,32,27,27,17,0,0,NA,NA,NA,NA,NA,NA,NA,NA,NA,NA,NA,NA,0,8,29,47,49,44,46,33,36,37,12,0,NA,NA,NA,NA,NA,NA,NA,NA,NA,NA,NA,NA,0,0,0,0,0,0,0,0,0,0,0,0,NA,NA,NA,NA,NA,1,1,1,1,1,1,1,1,NA
Carmichael,5209 North Ave, Carmichael, CA,95608,NA,NA,NA,NA,NA,NA,NA,NA,NA,NA,NA,NA,NA,NA,NA,NA,NA,NA,NA,NA,NA,NA,NA,NA,NA,NA,NA,NA,NA,NA,NA,2,25,25,32,38,41,43,40,42,29,2,0,NA,NA,NA,NA,NA,NA,NA,NA,NA,NA,NA,NA,1,23,20,31,35,37,31,23,22,12,0,0,NA,NA,NA,NA,NA,NA,NA,NA,NA,NA,NA,NA,1,3,8,17,17,19,15,10,14,7,0,0,NA,NA,NA,NA,NA,NA,NA,NA,NA,NA,NA,NA,1,20,19,19,19,22,20,23,22,9,1,0,NA,NA,NA,NA,NA,NA,NA,NA,NA,NA,NA,NA,1,16,14,18,21,26,25,18,18,6,0,0,NA,NA,NA,NA,NA,NA,NA,NA,NA,NA,NA,NA,0,0,0,0,0,0,0,0,0,0,0,0,NA,NA,NA,NA,NA,1,1,1,1,1,1,1,1,NA
Sacramento,4700 Broadway, Sacramento, CA,95820,NA,NA,NA,NA,NA,NA,NA,NA,NA,NA,NA,NA,NA,NA,NA,NA,NA,NA,NA,NA,NA,NA,NA,NA,NA,NA,NA,NA,NA,NA,NA,0,13,22,23,26,31,25,27,27,17,0,0,NA,NA,NA,NA,NA,NA,NA,NA,NA,NA,NA,NA,0,12,21,14,13,19,22,21,18,18,0,0,NA,NA,NA,NA,NA,NA,NA,NA,NA,NA,NA,NA,0,5,5,5,8,8,14,13,10,8,0,0,NA,NA,NA,NA,NA,NA,NA,NA,NA,NA,NA,NA,0,7,10,10,12,11,15,11,9,10,0,0,NA,NA,NA,NA,NA,NA,NA,NA,NA,NA,NA,NA,0,10,18,20,24,26,25,19,21,20,1,0,NA,NA,NA,NA,NA,NA,NA,NA,NA,NA,NA,NA,0,0,0,0,0,0,0,0,0,0,0,0,NA,NA,NA,NA,NA,1,1,1,1,1,1,1,1,NA
Sacramento South,7775 La Mancha Way, Sacramento, CA,95823,NA,NA,NA,NA,NA,NA,NA,NA,NA,NA,NA,NA,NA,NA,NA,NA,NA,NA,NA,NA,NA,NA,NA,NA,NA,NA,NA,NA,NA,NA,NA,0,11,12,16,16,17,18,18,15,11,0,0,NA,NA,NA,NA,NA,NA,NA,NA,NA,NA,NA,NA,0,9,14,15,18,22,30,31,27,11,0,0,NA,NA,NA,NA,NA,NA,NA,NA,NA,NA,NA,NA,0,5,12,12,15,20,17,17,10,10,1,0,NA,NA,NA,NA,NA,NA,NA,NA,NA,NA,NA,NA,0,8,10,9,8,10,20,23,20,11,0,0,NA,NA,NA,NA,NA,NA,NA,NA,NA,NA,NA,NA,0,8,10,11,11,10,14,19,21,20,4,0,NA,NA,NA,NA,NA,NA,NA,NA,NA,NA,NA,NA,0,0,0,0,0,0,0,0,0,0,0,0,NA,NA,NA,NA,NA,1,1,1,1,1,1,1,1,NA
Davis,505 Pole Line Road, Davis, CA,95616,NA,NA,NA,NA,NA,NA,NA,NA,NA,NA,NA,NA,NA,NA,NA,NA,NA,NA,NA,NA,NA,NA,NA,NA,NA,NA,NA,NA,NA,NA,NA,0,10,29,27,27,28,25,16,15,4,0,0,NA,NA,NA,NA,NA,NA,NA,NA,NA,NA,NA,NA,0,6,10,11,15,17,5,5,7,3,0,0,NA,NA,NA,NA,NA,NA,NA,NA,NA,NA,NA,NA,0,0,3,10,10,6,5,5,5,3,0,0,NA,NA,NA,NA,NA,NA,NA,NA,NA,NA,NA,NA,0,6,3,3,6,6,4,2,3,2,0,0,NA,NA,NA,NA,NA,NA,NA,NA,NA,NA,NA,NA,0,1,4,4,13,14,17,20,20,14,0,0,NA,NA,NA,NA,NA,NA,NA,NA,NA,NA,NA,NA,0,0,0,0,0,0,0,0,0,0,0,0,NA,NA,NA,NA,NA,1,1,1,1,1,1,1,1,NA
Woodland,825 East St, Suite 306, CA,95776,NA,NA,NA,NA,NA,NA,NA,NA,NA,NA,NA,NA,NA,NA,NA,NA,NA,NA,NA,NA,NA,NA,NA,NA,NA,NA,NA,NA,NA,NA,NA,0,15,35,41,36,22,15,17,23,6,0,0,NA,NA,NA,NA,NA,NA,NA,NA,NA,NA,NA,NA,0,15,28,27,20,10,7,9,20,8,0,0,NA,NA,NA,NA,NA,NA,NA,NA,NA,NA,NA,NA,0,4,11,18,21,15,7,8,16,4,0,0,NA,NA,NA,NA,NA,NA,NA,NA,NA,NA,NA,NA,0,9,15,17,16,4,5,9,8,3,0,0,NA,NA,NA,NA,NA,NA,NA,NA,NA,NA,NA,NA,0,12,32,35,43,48,29,21,31,7,0,0,NA,NA,NA,NA,NA,NA,NA,NA,NA,NA,NA,NA,0,0,0,0,0,0,0,0,0,0,0,0,NA,NA,NA,NA,NA,1,1,1,1,1,1,1,1,NA
Vacaville,621 Orange Drive, Vacaville, CA,95687,NA,NA,NA,NA,NA,NA,NA,NA,NA,NA,NA,NA,NA,NA,NA,NA,NA,NA,NA,NA,NA,NA,NA,NA,NA,NA,NA,NA,NA,NA,NA,0,13,41,44,32,38,29,18,23,8,0,0,NA,NA,NA,NA,NA,NA,NA,NA,NA,NA,NA,NA,0,13,27,24,28,21,20,22,17,8,0,0,NA,NA,NA,NA,NA,NA,NA,NA,NA,NA,NA,NA,0,2,10,20,15,13,14,10,10,2,0,0,NA,NA,NA,NA,NA,NA,NA,NA,NA,NA,NA,NA,0,9,15,10,7,6,13,14,12,7,0,0,NA,NA,NA,NA,NA,NA,NA,NA,NA,NA,NA,NA,0,7,13,15,20,13,12,14,20,12,0,0,NA,NA,NA,NA,NA,NA,NA,NA,NA,NA,NA,NA,0,0,0,0,0,0,0,0,0,0,0,0,NA,NA,NA,NA,NA,1,1,1,1,1,1,1,1,NA
Fairfield,160 Serrano Drive, Fairfield, CA,94533,NA,NA,NA,NA,NA,NA,NA,NA,NA,NA,NA,NA,NA,NA,NA,NA,NA,NA,NA,NA,NA,NA,NA,NA,NA,NA,NA,NA,NA,NA,NA,0,8,25,35,28,27,35,30,29,18,3,0,NA,NA,NA,NA,NA,NA,NA,NA,NA,NA,NA,NA,0,8,11,11,11,20,20,12,15,13,0,0,NA,NA,NA,NA,NA,NA,NA,NA,NA,NA,NA,NA,0,2,6,18,17,21,20,8,8,3,1,0,NA,NA,NA,NA,NA,NA,NA,NA,NA,NA,NA,NA,0,5,7,7,3,8,16,12,15,10,1,0,NA,NA,NA,NA,NA,NA,NA,NA,NA,NA,NA,NA,0,6,11,13,14,20,23,33,16,7,0,0,NA,NA,NA,NA,NA,NA,NA,NA,NA,NA,NA,NA,0,0,0,0,0,0,0,0,0,0,0,0,NA,NA,NA,NA,NA,1,1,1,1,1,1,1,1,NA
Vallejo,200 Couch Street, Vallejo, CA,94590,NA,NA,NA,NA,NA,NA,NA,NA,NA,NA,NA,NA,NA,NA,NA,NA,NA,NA,NA,NA,NA,NA,NA,NA,NA,NA,NA,NA,NA,NA,NA,3,26,46,63,70,61,67,62,74,56,0,0,NA,NA,NA,NA,NA,NA,NA,NA,NA,NA,NA,NA,2,20,31,25,24,19,25,23,22,11,0,0,NA,NA,NA,NA,NA,NA,NA,NA,NA,NA,NA,NA,1,3,14,26,33,30,24,19,25,15,1,0,NA,NA,NA,NA,NA,NA,NA,NA,NA,NA,NA,NA,2,14,16,18,14,19,15,19,19,8,0,0,NA,NA,NA,NA,NA,NA,NA,NA,NA,NA,NA,NA,2,18,20,26,23,28,27,27,24,16,0,0,NA,NA,NA,NA,NA,NA,NA,NA,NA,NA,NA,NA,0,0,0,0,0,0,0,0,0,0,0,0,NA,NA,NA,NA,NA,1,1,1,1,1,1,1,1,NA
Napa,2550 Napa Valley Corporate Drive, Napa, CA,94558,NA,NA,NA,NA,NA,NA,NA,NA,NA,NA,NA,NA,NA,NA,NA,NA,NA,NA,NA,NA,NA,NA,NA,NA,NA,NA,NA,NA,NA,NA,NA,1,3,6,5,7,6,6,5,5,2,0,0,NA,NA,NA,NA,NA,NA,NA,NA,NA,NA,NA,NA,1,2,5,4,4,6,4,8,5,2,0,0,NA,NA,NA,NA,NA,NA,NA,NA,NA,NA,NA,NA,0,1,4,4,7,8,6,7,4,2,0,0,NA,NA,NA,NA,NA,NA,NA,NA,NA,NA,NA,NA,1,3,4,5,4,4,5,5,5,4,0,0,NA,NA,NA,NA,NA,NA,NA,NA,NA,NA,NA,NA,1,3,2,4,6,5,4,5,4,1,0,0,NA,NA,NA,NA,NA,NA,NA,NA,NA,NA,NA,NA,0,0,0,0,0,0,0,0,0,0,0,0,NA,NA,NA,NA,NA,1,1,1,1,1,1,1,1,NA
Petaluma,715 - J Southpoint Boulevard, Petaluma, CA,94954,NA,NA,NA,NA,NA,NA,NA,NA,NA,NA,NA,NA,NA,NA,NA,NA,NA,NA,NA,NA,NA,NA,NA,NA,NA,NA,NA,NA,NA,NA,NA,0,3,18,22,17,24,27,18,15,5,0,0,NA,NA,NA,NA,NA,NA,NA,NA,NA,NA,NA,NA,0,6,16,12,22,28,19,22,25,7,1,0,NA,NA,NA,NA,NA,NA,NA,NA,NA,NA,NA,NA,0,1,6,14,14,11,13,12,13,2,0,0,NA,NA,NA,NA,NA,NA,NA,NA,NA,NA,NA,NA,0,2,1,1,3,4,10,10,9,1,0,0,NA,NA,NA,NA,NA,NA,NA,NA,NA,NA,NA,NA,0,4,3,3,6,7,6,4,3,1,0,0,NA,NA,NA,NA,NA,NA,NA,NA,NA,NA,NA,NA,0,0,0,0,0,0,0,0,0,0,0,0,NA,NA,NA,NA,NA,1,1,1,1,1,1,1,1,NA
Novato,936 7th Street A, Novato, CA,94947,NA,NA,NA,NA,NA,NA,NA,NA,NA,NA,NA,NA,NA,NA,NA,NA,NA,NA,NA,NA,NA,NA,NA,NA,NA,NA,NA,NA,NA,NA,NA,0,4,9,8,9,4,11,10,12,3,0,0,NA,NA,NA,NA,NA,NA,NA,NA,NA,NA,NA,NA,0,4,9,7,6,6,10,7,6,3,0,0,NA,NA,NA,NA,NA,NA,NA,NA,NA,NA,NA,NA,0,1,2,5,2,6,11,7,5,1,0,0,NA,NA,NA,NA,NA,NA,NA,NA,NA,NA,NA,NA,0,2,3,4,6,8,7,6,12,3,0,0,NA,NA,NA,NA,NA,NA,NA,NA,NA,NA,NA,NA,0,3,3,3,5,4,8,7,8,6,0,0,NA,NA,NA,NA,NA,NA,NA,NA,NA,NA,NA,NA,0,0,0,0,0,0,0,0,0,0,0,0,NA,NA,NA,NA,NA,1,1,1,1,1,1,1,1,NA
Corte Madera,75 Tamal Vista Boulevard, Corte Madera, CA,94925,NA,NA,NA,NA,NA,NA,NA,NA,NA,NA,NA,NA,NA,NA,NA,NA,NA,NA,NA,NA,NA,NA,NA,NA,NA,NA,NA,NA,NA,NA,NA,0,7,8,13,12,14,16,12,16,7,0,0,NA,NA,NA,NA,NA,NA,NA,NA,NA,NA,NA,NA,0,6,8,11,12,13,5,10,12,8,0,0,NA,NA,NA,NA,NA,NA,NA,NA,NA,NA,NA,NA,0,0,5,12,10,10,6,8,11,5,0,0,NA,NA,NA,NA,NA,NA,NA,NA,NA,NA,NA,NA,0,6,8,10,9,7,2,5,5,5,0,0,NA,NA,NA,NA,NA,NA,NA,NA,NA,NA,NA,NA,0,3,7,4,3,7,5,14,13,5,0,0,NA,NA,NA,NA,NA,NA,NA,NA,NA,NA,NA,NA,0,0,0,0,0,0,0,0,0,0,0,0,NA,NA,NA,NA,NA,1,1,1,1,1,1,1,1,NA
San Francisco,1377 Fell Street, San Francisco, CA,94117,NA,NA,NA,NA,NA,NA,NA,NA,NA,NA,NA,NA,NA,NA,NA,NA,NA,NA,NA,NA,NA,NA,NA,NA,NA,NA,NA,NA,NA,NA,NA,0,10,19,17,18,22,13,18,19,9,0,0,NA,NA,NA,NA,NA,NA,NA,NA,NA,NA,NA,NA,0,12,23,24,16,13,10,20,17,11,1,0,NA,NA,NA,NA,NA,NA,NA,NA,NA,NA,NA,NA,0,2,3,8,9,11,14,23,22,4,0,0,NA,NA,NA,NA,NA,NA,NA,NA,NA,NA,NA,NA,0,6,10,4,4,7,10,15,14,10,0,0,NA,NA,NA,NA,NA,NA,NA,NA,NA,NA,NA,NA,0,4,10,9,8,6,15,23,18,5,0,0,NA,NA,NA,NA,NA,NA,NA,NA,NA,NA,NA,NA,0,0,0,0,0,0,0,0,0,0,0,0,NA,NA,NA,NA,NA,1,1,1,1,1,1,1,1,NA
Daly City,1500 Sullivan Avenue, Daly City, CA,94015,NA,NA,NA,NA,NA,NA,NA,NA,NA,NA,NA,NA,NA,NA,NA,NA,NA,NA,NA,NA,NA,NA,NA,NA,NA,NA,NA,NA,NA,NA,NA,0,8,23,42,34,23,18,9,16,13,1,0,NA,NA,NA,NA,NA,NA,NA,NA,NA,NA,NA,NA,0,10,30,39,36,21,19,9,9,6,0,0,NA,NA,NA,NA,NA,NA,NA,NA,NA,NA,NA,NA,0,6,14,13,12,4,5,8,12,10,1,0,NA,NA,NA,NA,NA,NA,NA,NA,NA,NA,NA,NA,0,9,28,23,18,10,12,13,14,16,1,0,NA,NA,NA,NA,NA,NA,NA,NA,NA,NA,NA,NA,0,11,26,26,28,14,14,10,14,6,1,0,NA,NA,NA,NA,NA,NA,NA,NA,NA,NA,NA,NA,0,0,0,0,0,0,0,0,0,0,0,0,NA,NA,NA,NA,NA,1,1,1,1,1,1,1,1,NA
San Mateo,425 N Amphlett Boulevard, San Mateo, CA,94401,NA,NA,NA,NA,NA,NA,NA,NA,NA,NA,NA,NA,NA,NA,NA,NA,NA,NA,NA,NA,NA,NA,NA,NA,NA,NA,NA,NA,NA,NA,NA,1,11,22,24,16,18,18,23,14,8,0,0,NA,NA,NA,NA,NA,NA,NA,NA,NA,NA,NA,NA,1,10,19,8,6,5,7,15,15,8,1,0,NA,NA,NA,NA,NA,NA,NA,NA,NA,NA,NA,NA,1,2,5,11,8,6,6,8,7,3,0,0,NA,NA,NA,NA,NA,NA,NA,NA,NA,NA,NA,NA,1,8,11,12,15,12,10,10,7,6,0,0,NA,NA,NA,NA,NA,NA,NA,NA,NA,NA,NA,NA,1,7,15,11,11,10,16,9,10,9,1,0,NA,NA,NA,NA,NA,NA,NA,NA,NA,NA,NA,NA,0,0,0,0,0,0,0,0,0,0,0,0,NA,NA,NA,NA,NA,1,1,1,1,1,1,1,1,NA
Redwood City,300 Brewster Avenue, Redwood City, CA,94063,NA,NA,NA,NA,NA,NA,NA,NA,NA,NA,NA,NA,NA,NA,NA,NA,NA,NA,NA,NA,NA,NA,NA,NA,NA,NA,NA,NA,NA,NA,NA,0,10,24,20,15,16,15,15,26,13,0,0,NA,NA,NA,NA,NA,NA,NA,NA,NA,NA,NA,NA,0,8,18,12,15,16,14,11,14,4,0,0,NA,NA,NA,NA,NA,NA,NA,NA,NA,NA,NA,NA,0,1,5,8,7,15,13,4,9,5,0,0,NA,NA,NA,NA,NA,NA,NA,NA,NA,NA,NA,NA,0,5,6,6,5,6,7,5,12,5,0,0,NA,NA,NA,NA,NA,NA,NA,NA,NA,NA,NA,NA,0,6,13,14,12,9,11,14,13,9,0,0,NA,NA,NA,NA,NA,NA,NA,NA,NA,NA,NA,NA,0,0,0,0,0,0,0,0,0,0,0,0,NA,NA,NA,NA,NA,1,1,1,1,1,1,1,1,NA
Fremont,4287 Central Avenue, Fremont, CA,94536,NA,NA,NA,NA,NA,NA,NA,NA,NA,NA,NA,NA,NA,NA,NA,NA,NA,NA,NA,NA,NA,NA,NA,NA,NA,NA,NA,NA,NA,NA,NA,0,11,16,18,20,15,8,9,16,3,0,0,NA,NA,NA,NA,NA,NA,NA,NA,NA,NA,NA,NA,0,7,8,7,10,14,7,5,14,6,0,0,NA,NA,NA,NA,NA,NA,NA,NA,NA,NA,NA,NA,0,1,5,9,3,2,3,7,11,2,0,0,NA,NA,NA,NA,NA,NA,NA,NA,NA,NA,NA,NA,0,3,2,2,6,5,7,6,10,5,0,0,NA,NA,NA,NA,NA,NA,NA,NA,NA,NA,NA,NA,0,9,8,6,8,6,5,9,9,4,0,0,NA,NA,NA,NA,NA,NA,NA,NA,NA,NA,NA,NA,0,0,0,0,0,0,0,0,0,0,0,0,NA,NA,NA,NA,NA,1,1,1,1,1,1,1,1,NA
Hayward,150 Jackson Street, Hayward, CA,94544,NA,NA,NA,NA,NA,NA,NA,NA,NA,NA,NA,NA,NA,NA,NA,NA,NA,NA,NA,NA,NA,NA,NA,NA,NA,NA,NA,NA,NA,NA,NA,0,6,22,28,28,22,19,19,22,10,0,0,NA,NA,NA,NA,NA,NA,NA,NA,NA,NA,NA,NA,0,8,19,12,11,8,19,16,20,9,0,0,NA,NA,NA,NA,NA,NA,NA,NA,NA,NA,NA,NA,0,4,6,9,12,6,9,14,9,3,0,0,NA,NA,NA,NA,NA,NA,NA,NA,NA,NA,NA,NA,0,6,12,15,11,10,11,11,10,6,0,0,NA,NA,NA,NA,NA,NA,NA,NA,NA,NA,NA,NA,0,6,21,28,27,25,20,23,24,10,0,0,NA,NA,NA,NA,NA,NA,NA,NA,NA,NA,NA,NA,0,0,0,0,0,0,0,0,0,0,0,0,NA,NA,NA,NA,NA,1,1,1,1,1,1,1,1,NA
Oakland Coliseum,501 85th Ave, Oakland, CA,94621,NA,NA,NA,NA,NA,NA,NA,NA,NA,NA,NA,NA,NA,NA,NA,NA,NA,NA,NA,NA,NA,NA,NA,NA,NA,NA,NA,NA,NA,NA,NA,0,9,27,42,34,24,28,21,35,25,3,0,NA,NA,NA,NA,NA,NA,NA,NA,NA,NA,NA,NA,0,8,15,19,18,20,19,12,21,17,1,0,NA,NA,NA,NA,NA,NA,NA,NA,NA,NA,NA,NA,0,1,5,16,18,17,16,15,19,9,2,0,NA,NA,NA,NA,NA,NA,NA,NA,NA,NA,NA,NA,0,7,9,12,15,7,15,8,7,3,2,0,NA,NA,NA,NA,NA,NA,NA,NA,NA,NA,NA,NA,0,5,9,16,10,12,11,9,9,2,1,0,NA,NA,NA,NA,NA,NA,NA,NA,NA,NA,NA,NA,0,0,0,0,0,0,0,0,0,0,0,0,NA,NA,NA,NA,NA,1,1,1,1,1,1,1,1,NA
Oakland,5300 Claremont Avenue, Oakland, CA,94618,NA,NA,NA,NA,NA,NA,NA,NA,NA,NA,NA,NA,NA,NA,NA,NA,NA,NA,NA,NA,NA,NA,NA,NA,NA,NA,NA,NA,NA,NA,NA,1,15,19,24,26,31,26,21,22,12,0,0,NA,NA,NA,NA,NA,NA,NA,NA,NA,NA,NA,NA,1,13,8,9,10,15,9,11,8,8,1,0,NA,NA,NA,NA,NA,NA,NA,NA,NA,NA,NA,NA,1,2,3,8,9,5,7,11,9,4,0,0,NA,NA,NA,NA,NA,NA,NA,NA,NA,NA,NA,NA,1,11,10,17,13,14,18,13,11,5,2,0,NA,NA,NA,NA,NA,NA,NA,NA,NA,NA,NA,NA,1,11,16,17,19,24,22,15,13,5,1,0,NA,NA,NA,NA,NA,NA,NA,NA,NA,NA,NA,NA,0,0,0,0,0,0,0,0,0,0,0,0,NA,NA,NA,NA,NA,1,1,1,1,1,1,1,1,NA
El Cerrito,6400 Manila Avenue, El Cerrito, CA,94530,NA,NA,NA,NA,NA,NA,NA,NA,NA,NA,NA,NA,NA,NA,NA,NA,NA,NA,NA,NA,NA,NA,NA,NA,NA,NA,NA,NA,NA,NA,NA,0,11,26,39,44,34,38,48,60,24,0,0,NA,NA,NA,NA,NA,NA,NA,NA,NA,NA,NA,NA,0,8,27,35,30,14,19,28,30,9,0,0,NA,NA,NA,NA,NA,NA,NA,NA,NA,NA,NA,NA,0,3,12,26,24,25,26,21,22,5,0,0,NA,NA,NA,NA,NA,NA,NA,NA,NA,NA,NA,NA,0,7,13,16,16,16,23,33,34,10,0,0,NA,NA,NA,NA,NA,NA,NA,NA,NA,NA,NA,NA,0,6,12,21,17,20,20,22,30,13,0,0,NA,NA,NA,NA,NA,NA,NA,NA,NA,NA,NA,NA,0,0,0,0,0,0,0,0,0,0,0,0,NA,NA,NA,NA,NA,1,1,1,1,1,1,1,1,NA
Pleasanton,6300 W Las Positas Blvd, Pleasanton, CA,94588,NA,NA,NA,NA,NA,NA,NA,NA,NA,NA,NA,NA,NA,NA,NA,NA,NA,NA,NA,NA,NA,NA,NA,NA,NA,NA,NA,NA,NA,NA,NA,0,5,12,10,13,16,10,7,10,8,0,0,NA,NA,NA,NA,NA,NA,NA,NA,NA,NA,NA,NA,0,4,12,18,20,14,12,16,17,8,1,0,NA,NA,NA,NA,NA,NA,NA,NA,NA,NA,NA,NA,0,1,7,15,17,8,8,11,11,8,0,0,NA,NA,NA,NA,NA,NA,NA,NA,NA,NA,NA,NA,0,5,15,13,4,3,6,2,11,5,0,0,NA,NA,NA,NA,NA,NA,NA,NA,NA,NA,NA,NA,0,2,1,2,2,1,2,2,1,1,0,0,NA,NA,NA,NA,NA,NA,NA,NA,NA,NA,NA,NA,0,0,0,0,0,0,0,0,0,0,0,0,NA,NA,NA,NA,NA,1,1,1,1,1,1,1,1,NA
Pleasanton Stoneridge,"2621 Stoneridge Mall, Unit G225B", Pleasanton, CA,94588,NA,NA,NA,NA,NA,NA,NA,NA,NA,NA,NA,NA,NA,NA,NA,NA,NA,NA,NA,NA,NA,NA,NA,NA,NA,NA,NA,NA,NA,NA,NA,NA,NA,NA,NA,NA,NA,NA,NA,NA,NA,NA,NA,NA,NA,NA,NA,NA,NA,NA,NA,NA,NA,NA,NA,NA,NA,NA,2,4,3,8,6,4,1,0,0,NA,NA,NA,NA,NA,NA,NA,NA,NA,NA,NA,NA,0,0,0,0,0,0,0,0,0,0,0,0,NA,NA,NA,NA,NA,NA,NA,NA,NA,NA,NA,NA,0,0,0,0,0,0,0,0,0,0,0,0,NA,NA,NA,NA,NA,NA,NA,NA,NA,NA,NA,NA,0,2,2,1,5,5,6,15,6,1,0,0,NA,NA,NA,NA,NA,NA,NA,NA,NA,NA,NA,NA,0,0,0,0,0,0,0,0,0,0,0,0,NA,NA,NA,NA,NA,1,1,1,1,1,1,1,1,NA
Santa Clara,3665 Flora Vista Ave, Santa Clara, CA,95051,NA,NA,NA,NA,NA,NA,NA,NA,NA,NA,NA,NA,NA,NA,NA,NA,NA,NA,NA,NA,NA,NA,NA,NA,NA,NA,NA,NA,NA,NA,NA,0,7,24,25,26,22,16,21,24,19,0,0,NA,NA,NA,NA,NA,NA,NA,NA,NA,NA,NA,NA,0,8,24,22,18,12,10,10,16,11,0,0,NA,NA,NA,NA,NA,NA,NA,NA,NA,NA,NA,NA,0,1,6,12,13,8,19,15,13,14,0,0,NA,NA,NA,NA,NA,NA,NA,NA,NA,NA,NA,NA,0,4,11,16,19,22,19,14,14,11,0,0,NA,NA,NA,NA,NA,NA,NA,NA,NA,NA,NA,NA,0,4,11,18,11,5,6,11,17,14,0,0,NA,NA,NA,NA,NA,NA,NA,NA,NA,NA,NA,NA,0,0,0,0,0,0,0,0,0,0,0,0,NA,NA,NA,NA,NA,1,1,1,1,1,1,1,1,NA
San Jose Driver License Processing Center (DL Only),2222 Senter Rd, San Jose, CA,95112,NA,NA,NA,NA,NA,NA,NA,NA,NA,NA,NA,NA,NA,NA,NA,NA,NA,NA,NA,NA,NA,NA,NA,NA,NA,NA,NA,NA,NA,NA,NA,0,6,3,6,6,10,7,2,2,1,0,0,NA,NA,NA,NA,NA,NA,NA,NA,NA,NA,NA,NA,0,3,2,4,7,8,8,2,2,1,0,0,NA,NA,NA,NA,NA,NA,NA,NA,NA,NA,NA,NA,0,1,4,4,5,7,7,2,5,1,0,0,NA,NA,NA,NA,NA,NA,NA,NA,NA,NA,NA,NA,0,1,1,3,3,2,2,1,4,1,0,0,NA,NA,NA,NA,NA,NA,NA,NA,NA,NA,NA,NA,0,2,1,2,4,5,3,1,5,1,0,0,NA,NA,NA,NA,NA,NA,NA,NA,NA,NA,NA,NA,0,0,0,0,0,0,0,0,0,0,0,0,NA,NA,NA,NA,NA,NA,1,NA,NA,1,1,NA,1,NA
San Jose,111 W Alma Avenue, San Jose, CA,95110,NA,NA,NA,NA,NA,NA,NA,NA,NA,NA,NA,NA,NA,NA,NA,NA,NA,NA,NA,NA,NA,NA,NA,NA,NA,NA,NA,NA,NA,NA,NA,0,5,11,9,15,18,22,20,17,4,0,0,NA,NA,NA,NA,NA,NA,NA,NA,NA,NA,NA,NA,0,4,7,6,7,10,9,8,14,4,0,0,NA,NA,NA,NA,NA,NA,NA,NA,NA,NA,NA,NA,0,0,4,8,7,12,14,11,13,4,0,0,NA,NA,NA,NA,NA,NA,NA,NA,NA,NA,NA,NA,0,4,7,7,5,10,11,4,9,3,0,0,NA,NA,NA,NA,NA,NA,NA,NA,NA,NA,NA,NA,0,4,5,3,4,7,6,5,7,2,0,0,NA,NA,NA,NA,NA,NA,NA,NA,NA,NA,NA,NA,0,0,0,0,0,0,0,0,0,0,0,0,NA,NA,NA,NA,NA,1,1,1,1,1,1,1,1,NA
Santa Teresa,180 Martinvale Lane, San Jose, CA,95119,NA,NA,NA,NA,NA,NA,NA,NA,NA,NA,NA,NA,NA,NA,NA,NA,NA,NA,NA,NA,NA,NA,NA,NA,NA,NA,NA,NA,NA,NA,NA,0,8,13,16,20,18,17,13,13,7,0,0,NA,NA,NA,NA,NA,NA,NA,NA,NA,NA,NA,NA,0,9,22,19,12,14,20,15,19,9,0,0,NA,NA,NA,NA,NA,NA,NA,NA,NA,NA,NA,NA,0,2,10,15,13,12,12,11,11,6,0,0,NA,NA,NA,NA,NA,NA,NA,NA,NA,NA,NA,NA,0,3,8,13,10,7,10,12,7,3,0,0,NA,NA,NA,NA,NA,NA,NA,NA,NA,NA,NA,NA,0,6,10,9,13,10,14,12,12,6,0,0,NA,NA,NA,NA,NA,NA,NA,NA,NA,NA,NA,NA,0,0,0,0,0,0,0,0,0,0,0,0,NA,NA,NA,NA,NA,1,1,1,1,1,1,1,1,NA
Los Gatos,600 N Santa Cruz Avenue, Los Gatos, CA,95030,NA,NA,NA,NA,NA,NA,NA,NA,NA,NA,NA,NA,NA,NA,NA,NA,NA,NA,NA,NA,NA,NA,NA,NA,NA,NA,NA,NA,NA,NA,NA,0,11,26,21,16,6,12,19,20,10,1,0,NA,NA,NA,NA,NA,NA,NA,NA,NA,NA,NA,NA,0,9,17,15,11,11,19,16,17,11,0,0,NA,NA,NA,NA,NA,NA,NA,NA,NA,NA,NA,NA,0,3,3,7,9,14,10,8,15,8,1,0,NA,NA,NA,NA,NA,NA,NA,NA,NA,NA,NA,NA,0,8,15,11,11,13,17,16,21,7,0,0,NA,NA,NA,NA,NA,NA,NA,NA,NA,NA,NA,NA,0,6,12,13,7,10,12,12,22,15,0,0,NA,NA,NA,NA,NA,NA,NA,NA,NA,NA,NA,NA,0,0,0,0,0,0,0,0,0,0,0,0,NA,NA,NA,NA,NA,1,1,1,1,1,1,1,1,NA
Capitola,4200 Capitola Road, Capitola, CA,95010,NA,NA,NA,NA,NA,NA,NA,NA,NA,NA,NA,NA,NA,NA,NA,NA,NA,NA,NA,NA,NA,NA,NA,NA,NA,NA,NA,NA,NA,NA,NA,0,7,13,15,14,18,15,16,11,4,0,0,NA,NA,NA,NA,NA,NA,NA,NA,NA,NA,NA,NA,0,6,8,6,9,15,14,12,11,5,0,0,NA,NA,NA,NA,NA,NA,NA,NA,NA,NA,NA,NA,0,2,5,10,7,6,5,6,7,2,0,0,NA,NA,NA,NA,NA,NA,NA,NA,NA,NA,NA,NA,0,6,8,13,10,16,11,11,18,6,0,0,NA,NA,NA,NA,NA,NA,NA,NA,NA,NA,NA,NA,0,6,14,13,13,19,13,21,11,3,0,0,NA,NA,NA,NA,NA,NA,NA,NA,NA,NA,NA,NA,0,0,0,0,0,0,0,0,0,0,0,0,NA,NA,NA,NA,NA,1,1,1,1,1,1,1,1,NA
Watsonville,90 Alta Vista Avenue, Watsonville, CA,95076,NA,NA,NA,NA,NA,NA,NA,NA,NA,NA,NA,NA,NA,NA,NA,NA,NA,NA,NA,NA,NA,NA,NA,NA,NA,NA,NA,NA,NA,NA,NA,0,5,7,13,7,10,7,8,7,3,0,0,NA,NA,NA,NA,NA,NA,NA,NA,NA,NA,NA,NA,0,5,3,4,4,4,4,5,11,5,0,0,NA,NA,NA,NA,NA,NA,NA,NA,NA,NA,NA,NA,0,2,5,5,5,5,4,7,3,1,0,0,NA,NA,NA,NA,NA,NA,NA,NA,NA,NA,NA,NA,0,4,8,8,9,2,5,5,5,2,0,0,NA,NA,NA,NA,NA,NA,NA,NA,NA,NA,NA,NA,0,4,2,3,5,1,6,4,2,1,0,0,NA,NA,NA,NA,NA,NA,NA,NA,NA,NA,NA,NA,0,0,0,0,0,0,0,0,0,0,0,0,NA,NA,NA,NA,NA,1,1,1,1,1,1,1,1,NA
Gilroy,6984 Automall Parkway Suite A, Gilroy, CA,95020,NA,NA,NA,NA,NA,NA,NA,NA,NA,NA,NA,NA,NA,NA,NA,NA,NA,NA,NA,NA,NA,NA,NA,NA,NA,NA,NA,NA,NA,NA,NA,0,3,8,5,8,9,8,9,7,3,0,0,NA,NA,NA,NA,NA,NA,NA,NA,NA,NA,NA,NA,0,5,5,5,8,5,7,5,9,3,0,0,NA,NA,NA,NA,NA,NA,NA,NA,NA,NA,NA,NA,0,1,4,3,4,4,5,5,6,1,0,0,NA,NA,NA,NA,NA,NA,NA,NA,NA,NA,NA,NA,0,4,3,3,6,4,4,3,4,2,0,0,NA,NA,NA,NA,NA,NA,NA,NA,NA,NA,NA,NA,0,4,5,5,7,8,6,7,4,2,0,0,NA,NA,NA,NA,NA,NA,NA,NA,NA,NA,NA,NA,0,0,0,0,0,0,0,0,0,0,0,0,NA,NA,NA,NA,NA,1,1,1,1,1,1,1,1,NA
Hollister,80 N Sally Street, Hollister, CA,95023,NA,NA,NA,NA,NA,NA,NA,NA,NA,NA,NA,NA,NA,NA,NA,NA,NA,NA,NA,NA,NA,NA,NA,NA,NA,NA,NA,NA,NA,NA,NA,0,4,8,8,7,10,14,11,13,4,0,0,NA,NA,NA,NA,NA,NA,NA,NA,NA,NA,NA,NA,0,4,11,11,11,8,7,5,3,2,0,0,NA,NA,NA,NA,NA,NA,NA,NA,NA,NA,NA,NA,0,1,4,7,9,5,7,10,7,3,0,0,NA,NA,NA,NA,NA,NA,NA,NA,NA,NA,NA,NA,0,7,11,11,14,17,17,18,14,7,0,0,NA,NA,NA,NA,NA,NA,NA,NA,NA,NA,NA,NA,0,8,11,7,17,23,14,10,6,3,0,0,NA,NA,NA,NA,NA,NA,NA,NA,NA,NA,NA,NA,0,0,0,0,0,0,0,0,0,0,0,0,NA,NA,NA,NA,NA,1,1,1,1,1,1,1,1,NA
Salinas,260 E Laurel Drive, Salinas, CA,93906,NA,NA,NA,NA,NA,NA,NA,NA,NA,NA,NA,NA,NA,NA,NA,NA,NA,NA,NA,NA,NA,NA,NA,NA,NA,NA,NA,NA,NA,NA,NA,0,3,8,13,15,10,11,11,9,5,0,0,NA,NA,NA,NA,NA,NA,NA,NA,NA,NA,NA,NA,0,5,10,10,6,12,13,12,12,5,0,0,NA,NA,NA,NA,NA,NA,NA,NA,NA,NA,NA,NA,0,2,2,6,6,6,7,9,6,6,0,0,NA,NA,NA,NA,NA,NA,NA,NA,NA,NA,NA,NA,0,3,6,7,12,10,11,9,10,4,0,0,NA,NA,NA,NA,NA,NA,NA,NA,NA,NA,NA,NA,0,5,7,12,11,13,3,7,9,4,0,0,NA,NA,NA,NA,NA,NA,NA,NA,NA,NA,NA,NA,0,0,0,0,0,0,0,0,0,0,0,0,NA,NA,NA,NA,NA,1,1,1,1,1,1,1,1,NA
Seaside,1180 Canyon Del Rey Blvd, Seaside, CA,93955,NA,NA,NA,NA,NA,NA,NA,NA,NA,NA,NA,NA,NA,NA,NA,NA,NA,NA,NA,NA,NA,NA,NA,NA,NA,NA,NA,NA,NA,NA,NA,0,3,7,6,10,16,17,11,10,4,0,0,NA,NA,NA,NA,NA,NA,NA,NA,NA,NA,NA,NA,0,2,4,4,10,12,9,13,7,2,0,0,NA,NA,NA,NA,NA,NA,NA,NA,NA,NA,NA,NA,0,1,1,2,5,4,5,4,3,1,0,0,NA,NA,NA,NA,NA,NA,NA,NA,NA,NA,NA,NA,0,2,3,4,5,6,7,7,7,3,0,0,NA,NA,NA,NA,NA,NA,NA,NA,NA,NA,NA,NA,0,1,1,2,9,9,8,7,8,5,0,0,NA,NA,NA,NA,NA,NA,NA,NA,NA,NA,NA,NA,0,0,0,0,0,0,0,0,0,0,0,0,NA,NA,NA,NA,NA,1,1,1,1,1,1,1,1,NA
Santa Rosa,2570 Corby Ave, Santa Rosa, CA,95407,NA,NA,NA,NA,NA,NA,NA,NA,NA,NA,NA,NA,NA,NA,NA,NA,NA,NA,NA,NA,NA,NA,NA,NA,NA,NA,NA,NA,NA,NA,NA,0,6,16,27,25,21,14,10,18,16,0,0,NA,NA,NA,NA,NA,NA,NA,NA,NA,NA,NA,NA,0,5,7,14,9,13,8,13,23,14,0,0,NA,NA,NA,NA,NA,NA,NA,NA,NA,NA,NA,NA,0,2,7,22,20,15,14,9,16,11,0,0,NA,NA,NA,NA,NA,NA,NA,NA,NA,NA,NA,NA,0,4,11,15,16,13,11,7,14,8,0,0,NA,NA,NA,NA,NA,NA,NA,NA,NA,NA,NA,NA,0,5,11,19,13,5,8,9,17,16,0,0,NA,NA,NA,NA,NA,NA,NA,NA,NA,NA,NA,NA,0,0,0,0,0,0,0,0,0,0,0,0,NA,NA,NA,NA,NA,1,1,1,1,1,1,1,1,NA
Ukiah,542 S Orchard Avenue, Ukiah, CA,95482,NA,NA,NA,NA,NA,NA,NA,NA,NA,NA,NA,NA,NA,NA,NA,NA,NA,NA,NA,NA,NA,NA,NA,NA,NA,NA,NA,NA,NA,NA,NA,0,4,12,20,13,30,30,17,17,11,2,0,NA,NA,NA,NA,NA,NA,NA,NA,NA,NA,NA,NA,0,7,16,27,19,21,19,21,19,9,0,0,NA,NA,NA,NA,NA,NA,NA,NA,NA,NA,NA,NA,0,1,6,15,22,18,28,18,10,5,0,0,NA,NA,NA,NA,NA,NA,NA,NA,NA,NA,NA,NA,0,4,16,23,26,24,23,18,12,20,0,0,NA,NA,NA,NA,NA,NA,NA,NA,NA,NA,NA,NA,0,5,10,11,17,21,16,21,11,4,0,0,NA,NA,NA,NA,NA,NA,NA,NA,NA,NA,NA,NA,0,0,0,0,0,0,0,0,0,0,0,0,NA,NA,NA,NA,NA,1,1,1,1,1,1,1,1,NA
Concord,2070 Diamond Boulevard, Concord, CA,94520,NA,NA,NA,NA,NA,NA,NA,NA,NA,NA,NA,NA,NA,NA,NA,NA,NA,NA,NA,NA,NA,NA,NA,NA,NA,NA,NA,NA,NA,NA,NA,0,20,47,69,78,83,85,82,75,25,2,0,NA,NA,NA,NA,NA,NA,NA,NA,NA,NA,NA,NA,0,19,47,57,66,75,73,74,75,52,0,0,NA,NA,NA,NA,NA,NA,NA,NA,NA,NA,NA,NA,0,6,23,43,59,66,80,77,78,74,4,0,NA,NA,NA,NA,NA,NA,NA,NA,NA,NA,NA,NA,0,12,31,35,31,28,27,26,26,24,0,0,NA,NA,NA,NA,NA,NA,NA,NA,NA,NA,NA,NA,0,16,38,50,52,50,53,58,65,56,10,0,NA,NA,NA,NA,NA,NA,NA,NA,NA,NA,NA,NA,0,0,0,0,0,0,0,0,0,0,0,0,NA,NA,NA,NA,NA,1,1,1,1,1,1,1,1,NA
Pittsburg,1399 Buchanan Road, Pittsburg, CA,94565,NA,NA,NA,NA,NA,NA,NA,NA,NA,NA,NA,NA,NA,NA,NA,NA,NA,NA,NA,NA,NA,NA,NA,NA,NA,NA,NA,NA,NA,NA,NA,1,16,41,61,63,64,68,71,68,8,0,0,NA,NA,NA,NA,NA,NA,NA,NA,NA,NA,NA,NA,0,16,37,47,52,63,65,71,61,34,0,0,NA,NA,NA,NA,NA,NA,NA,NA,NA,NA,NA,NA,1,5,14,26,35,35,29,27,34,28,0,0,NA,NA,NA,NA,NA,NA,NA,NA,NA,NA,NA,NA,1,12,22,19,19,19,22,30,32,22,0,0,NA,NA,NA,NA,NA,NA,NA,NA,NA,NA,NA,NA,1,16,35,34,28,18,26,36,42,31,0,0,NA,NA,NA,NA,NA,NA,NA,NA,NA,NA,NA,NA,0,0,0,0,0,0,0,0,0,0,0,0,NA,NA,NA,NA,NA,1,1,1,1,1,1,1,1,NA
Lodi,1222 Pixley Parkway, Lodi, CA,95240,NA,NA,NA,NA,NA,NA,NA,NA,NA,NA,NA,NA,NA,NA,NA,NA,NA,NA,NA,NA,NA,NA,NA,NA,NA,NA,NA,NA,NA,NA,NA,0,13,42,54,54,57,59,55,52,46,0,0,NA,NA,NA,NA,NA,NA,NA,NA,NA,NA,NA,NA,0,15,40,45,48,56,45,38,37,22,0,0,NA,NA,NA,NA,NA,NA,NA,NA,NA,NA,NA,NA,0,3,10,27,39,47,56,56,43,14,0,0,NA,NA,NA,NA,NA,NA,NA,NA,NA,NA,NA,NA,0,9,22,26,26,20,15,19,21,9,0,0,NA,NA,NA,NA,NA,NA,NA,NA,NA,NA,NA,NA,0,11,29,38,37,25,32,25,27,15,0,0,NA,NA,NA,NA,NA,NA,NA,NA,NA,NA,NA,NA,0,0,0,0,0,0,0,0,0,0,0,0,NA,NA,NA,NA,NA,1,1,1,1,1,1,1,1,NA
Stockton,55 South Lincoln Street, Stockton, CA,95203,NA,NA,NA,NA,NA,NA,NA,NA,NA,NA,NA,NA,NA,NA,NA,NA,NA,NA,NA,NA,NA,NA,NA,NA,NA,NA,NA,NA,NA,NA,NA,0,8,7,10,6,11,16,12,14,5,0,0,NA,NA,NA,NA,NA,NA,NA,NA,NA,NA,NA,NA,0,8,10,15,12,13,16,13,16,4,0,0,NA,NA,NA,NA,NA,NA,NA,NA,NA,NA,NA,NA,0,5,7,11,6,7,10,10,14,3,0,0,NA,NA,NA,NA,NA,NA,NA,NA,NA,NA,NA,NA,0,6,12,14,9,10,12,12,15,6,0,0,NA,NA,NA,NA,NA,NA,NA,NA,NA,NA,NA,NA,0,7,7,6,5,8,10,11,16,8,0,0,NA,NA,NA,NA,NA,NA,NA,NA,NA,NA,NA,NA,0,0,0,0,0,0,0,0,0,0,0,0,NA,NA,NA,NA,NA,1,1,1,1,1,1,1,1,NA
Manteca,955 Davis Street, Manteca, CA,95336,NA,NA,NA,NA,NA,NA,NA,NA,NA,NA,NA,NA,NA,NA,NA,NA,NA,NA,NA,NA,NA,NA,NA,NA,NA,NA,NA,NA,NA,NA,NA,0,20,56,54,63,68,65,70,66,15,0,0,NA,NA,NA,NA,NA,NA,NA,NA,NA,NA,NA,NA,0,20,48,51,50,60,55,45,30,11,0,0,NA,NA,NA,NA,NA,NA,NA,NA,NA,NA,NA,NA,0,8,18,27,24,23,23,26,37,18,0,0,NA,NA,NA,NA,NA,NA,NA,NA,NA,NA,NA,NA,0,14,25,28,26,31,40,47,38,13,0,0,NA,NA,NA,NA,NA,NA,NA,NA,NA,NA,NA,NA,0,15,44,48,46,46,34,31,39,22,0,0,NA,NA,NA,NA,NA,NA,NA,NA,NA,NA,NA,NA,0,0,0,0,0,0,0,0,0,0,0,0,NA,NA,NA,NA,NA,1,1,1,1,1,1,1,1,NA
Modesto,124 Burney Street, Modesto, CA,95354,NA,NA,NA,NA,NA,NA,NA,NA,NA,NA,NA,NA,NA,NA,NA,NA,NA,NA,NA,NA,NA,NA,NA,NA,NA,NA,NA,NA,NA,NA,NA,0,14,38,63,45,60,41,39,46,16,2,0,NA,NA,NA,NA,NA,NA,NA,NA,NA,NA,NA,NA,0,17,37,43,28,36,29,33,37,11,1,0,NA,NA,NA,NA,NA,NA,NA,NA,NA,NA,NA,NA,0,4,18,32,20,34,23,23,33,14,0,0,NA,NA,NA,NA,NA,NA,NA,NA,NA,NA,NA,NA,1,10,22,35,20,31,29,24,30,17,0,0,NA,NA,NA,NA,NA,NA,NA,NA,NA,NA,NA,NA,1,14,30,37,20,32,33,32,33,13,0,0,NA,NA,NA,NA,NA,NA,NA,NA,NA,NA,NA,NA,0,0,0,0,0,0,0,0,0,0,0,0,NA,NA,NA,NA,NA,1,1,1,1,1,1,1,1,NA
Turlock,825 E Monte Vista Avenue, Turlock, CA,95382,NA,NA,NA,NA,NA,NA,NA,NA,NA,NA,NA,NA,NA,NA,NA,NA,NA,NA,NA,NA,NA,NA,NA,NA,NA,NA,NA,NA,NA,NA,NA,1,16,34,46,43,50,43,36,43,10,0,0,NA,NA,NA,NA,NA,NA,NA,NA,NA,NA,NA,NA,1,17,28,37,28,35,28,29,28,14,1,0,NA,NA,NA,NA,NA,NA,NA,NA,NA,NA,NA,NA,1,5,23,39,23,38,37,28,36,19,1,0,NA,NA,NA,NA,NA,NA,NA,NA,NA,NA,NA,NA,1,14,20,25,19,30,19,13,18,6,0,0,NA,NA,NA,NA,NA,NA,NA,NA,NA,NA,NA,NA,1,11,23,29,27,27,20,22,27,15,0,0,NA,NA,NA,NA,NA,NA,NA,NA,NA,NA,NA,NA,0,0,0,0,0,0,0,0,0,0,0,0,NA,NA,NA,NA,NA,1,1,1,1,1,1,1,1,NA
Merced,1313 W 12th Street, Merced, CA,95340,NA,NA,NA,NA,NA,NA,NA,NA,NA,NA,NA,NA,NA,NA,NA,NA,NA,NA,NA,NA,NA,NA,NA,NA,NA,NA,NA,NA,NA,NA,NA,0,10,38,38,42,37,36,31,37,19,2,0,NA,NA,NA,NA,NA,NA,NA,NA,NA,NA,NA,NA,0,9,30,44,33,36,43,37,32,15,0,0,NA,NA,NA,NA,NA,NA,NA,NA,NA,NA,NA,NA,0,4,19,34,29,25,24,29,27,16,0,0,NA,NA,NA,NA,NA,NA,NA,NA,NA,NA,NA,NA,0,7,17,35,16,23,31,15,31,14,0,0,NA,NA,NA,NA,NA,NA,NA,NA,NA,NA,NA,NA,0,7,20,27,20,31,35,23,22,13,0,0,NA,NA,NA,NA,NA,NA,NA,NA,NA,NA,NA,NA,0,0,0,0,0,0,0,0,0,0,0,0,NA,NA,NA,NA,NA,1,1,1,1,1,1,1,1,NA
Madera,1206 Maple Street, Madera, CA,93637,NA,NA,NA,NA,NA,NA,NA,NA,NA,NA,NA,NA,NA,NA,NA,NA,NA,NA,NA,NA,NA,NA,NA,NA,NA,NA,NA,NA,NA,NA,NA,0,7,31,50,32,43,54,41,28,20,0,0,NA,NA,NA,NA,NA,NA,NA,NA,NA,NA,NA,NA,0,7,34,49,36,40,38,37,37,31,0,0,NA,NA,NA,NA,NA,NA,NA,NA,NA,NA,NA,NA,0,3,16,32,34,48,55,48,20,9,0,0,NA,NA,NA,NA,NA,NA,NA,NA,NA,NA,NA,NA,0,7,23,30,32,38,27,32,22,17,0,0,NA,NA,NA,NA,NA,NA,NA,NA,NA,NA,NA,NA,0,7,28,46,45,40,27,29,41,22,0,0,NA,NA,NA,NA,NA,NA,NA,NA,NA,NA,NA,NA,0,0,0,0,0,0,0,0,0,0,0,0,NA,NA,NA,NA,NA,1,1,1,1,1,1,1,1,NA
Fresno,655 W Olive Avenue, Fresno, CA,93728,NA,NA,NA,NA,NA,NA,NA,NA,NA,NA,NA,NA,NA,NA,NA,NA,NA,NA,NA,NA,NA,NA,NA,NA,NA,NA,NA,NA,NA,NA,NA,0,13,32,51,38,49,40,41,39,22,1,0,NA,NA,NA,NA,NA,NA,NA,NA,NA,NA,NA,NA,0,14,33,38,26,37,29,34,27,17,2,0,NA,NA,NA,NA,NA,NA,NA,NA,NA,NA,NA,NA,0,6,22,38,23,27,24,32,34,11,0,0,NA,NA,NA,NA,NA,NA,NA,NA,NA,NA,NA,NA,0,12,35,33,26,37,31,25,25,11,0,0,NA,NA,NA,NA,NA,NA,NA,NA,NA,NA,NA,NA,0,12,29,36,26,34,24,29,31,17,0,0,NA,NA,NA,NA,NA,NA,NA,NA,NA,NA,NA,NA,0,0,0,0,0,0,0,0,0,0,0,0,NA,NA,NA,NA,NA,1,1,1,1,1,1,1,1,NA
Fresno North,6420 N Blackstone Avenue, Fresno, CA,93710,NA,NA,NA,NA,NA,NA,NA,NA,NA,NA,NA,NA,NA,NA,NA,NA,NA,NA,NA,NA,NA,NA,NA,NA,NA,NA,NA,NA,NA,NA,NA,0,11,32,45,57,58,67,62,53,27,2,0,NA,NA,NA,NA,NA,NA,NA,NA,NA,NA,NA,NA,1,16,38,59,71,76,55,28,33,36,0,0,NA,NA,NA,NA,NA,NA,NA,NA,NA,NA,NA,NA,0,5,14,31,43,51,37,20,25,10,0,0,NA,NA,NA,NA,NA,NA,NA,NA,NA,NA,NA,NA,0,8,19,27,29,32,40,36,35,25,0,0,NA,NA,NA,NA,NA,NA,NA,NA,NA,NA,NA,NA,0,10,21,30,31,34,41,32,33,18,2,0,NA,NA,NA,NA,NA,NA,NA,NA,NA,NA,NA,NA,0,0,0,0,0,0,0,0,0,0,0,0,NA,NA,NA,NA,NA,1,1,1,1,1,1,1,1,NA
Clovis,2103 Shaw Avenue, Clovis, CA,93611,NA,NA,NA,NA,NA,NA,NA,NA,NA,NA,NA,NA,NA,NA,NA,NA,NA,NA,NA,NA,NA,NA,NA,NA,NA,NA,NA,NA,NA,NA,NA,0,16,49,80,93,77,50,44,36,16,0,0,NA,NA,NA,NA,NA,NA,NA,NA,NA,NA,NA,NA,0,14,48,77,63,59,66,40,36,14,1,0,NA,NA,NA,NA,NA,NA,NA,NA,NA,NA,NA,NA,0,6,19,43,45,36,30,13,27,14,0,0,NA,NA,NA,NA,NA,NA,NA,NA,NA,NA,NA,NA,0,12,34,53,61,47,46,37,37,17,1,0,NA,NA,NA,NA,NA,NA,NA,NA,NA,NA,NA,NA,0,12,34,45,38,32,36,24,31,15,1,0,NA,NA,NA,NA,NA,NA,NA,NA,NA,NA,NA,NA,0,0,0,0,0,0,0,0,0,0,0,0,NA,NA,NA,NA,NA,1,1,1,1,1,1,1,1,NA
Reedley,558 E Dinuba Avenue, Reedley, CA,93654,NA,NA,NA,NA,NA,NA,NA,NA,NA,NA,NA,NA,NA,NA,NA,NA,NA,NA,NA,NA,NA,NA,NA,NA,NA,NA,NA,NA,NA,NA,NA,0,11,21,34,41,46,43,45,50,27,0,0,NA,NA,NA,NA,NA,NA,NA,NA,NA,NA,NA,NA,0,11,34,47,37,52,39,27,32,19,0,0,NA,NA,NA,NA,NA,NA,NA,NA,NA,NA,NA,NA,0,4,15,26,30,39,26,17,30,15,2,0,NA,NA,NA,NA,NA,NA,NA,NA,NA,NA,NA,NA,0,11,20,20,16,25,30,26,29,18,0,0,NA,NA,NA,NA,NA,NA,NA,NA,NA,NA,NA,NA,0,9,26,30,33,39,38,28,24,9,1,0,NA,NA,NA,NA,NA,NA,NA,NA,NA,NA,NA,NA,0,0,0,0,0,0,0,0,0,0,0,0,NA,NA,NA,NA,NA,1,1,1,1,1,1,1,1,NA
Visalia,1711 East Main Street, Visalia, CA,93292,NA,NA,NA,NA,NA,NA,NA,NA,NA,NA,NA,NA,NA,NA,NA,NA,NA,NA,NA,NA,NA,NA,NA,NA,NA,NA,NA,NA,NA,NA,NA,0,10,22,27,17,26,29,30,19,14,0,0,NA,NA,NA,NA,NA,NA,NA,NA,NA,NA,NA,NA,0,8,15,21,19,24,24,20,17,12,0,0,NA,NA,NA,NA,NA,NA,NA,NA,NA,NA,NA,NA,0,2,13,24,17,9,13,16,18,7,0,0,NA,NA,NA,NA,NA,NA,NA,NA,NA,NA,NA,NA,0,6,13,22,11,14,21,19,14,4,0,0,NA,NA,NA,NA,NA,NA,NA,NA,NA,NA,NA,NA,0,8,14,21,16,22,23,17,16,9,0,0,NA,NA,NA,NA,NA,NA,NA,NA,NA,NA,NA,NA,0,0,0,0,0,0,0,0,0,0,0,0,NA,NA,NA,NA,NA,1,1,1,1,1,1,1,1,NA
Tulare,274 E Cross Avenue, Tulare, CA,93274,NA,NA,NA,NA,NA,NA,NA,NA,NA,NA,NA,NA,NA,NA,NA,NA,NA,NA,NA,NA,NA,NA,NA,NA,NA,NA,NA,NA,NA,NA,NA,0,3,15,36,32,37,40,26,29,17,0,0,NA,NA,NA,NA,NA,NA,NA,NA,NA,NA,NA,NA,0,9,30,43,39,30,27,18,22,14,1,0,NA,NA,NA,NA,NA,NA,NA,NA,NA,NA,NA,NA,0,3,13,26,31,18,25,24,22,8,0,0,NA,NA,NA,NA,NA,NA,NA,NA,NA,NA,NA,NA,0,10,19,23,24,30,27,23,14,11,0,0,NA,NA,NA,NA,NA,NA,NA,NA,NA,NA,NA,NA,0,7,28,35,19,17,17,17,19,10,0,0,NA,NA,NA,NA,NA,NA,NA,NA,NA,NA,NA,NA,0,0,0,0,0,0,0,0,0,0,0,0,NA,NA,NA,NA,NA,1,1,1,1,1,1,1,1,NA
Hanford,701 W Hanford Armona Road (corner of W Armona), Hanford, CA,93230,NA,NA,NA,NA,NA,NA,NA,NA,NA,NA,NA,NA,NA,NA,NA,NA,NA,NA,NA,NA,NA,NA,NA,NA,NA,NA,NA,NA,NA,NA,NA,0,13,54,77,70,71,61,52,45,36,0,0,NA,NA,NA,NA,NA,NA,NA,NA,NA,NA,NA,NA,0,15,48,53,42,40,35,29,27,12,0,0,NA,NA,NA,NA,NA,NA,NA,NA,NA,NA,NA,NA,0,7,24,36,30,31,33,27,28,13,0,0,NA,NA,NA,NA,NA,NA,NA,NA,NA,NA,NA,NA,0,9,31,40,31,22,33,39,40,20,0,0,NA,NA,NA,NA,NA,NA,NA,NA,NA,NA,NA,NA,0,11,31,42,49,52,38,27,25,15,0,0,NA,NA,NA,NA,NA,NA,NA,NA,NA,NA,NA,NA,0,0,0,0,0,0,0,0,0,0,0,0,NA,NA,NA,NA,NA,1,1,1,1,1,1,1,1,NA
Porterville,329 E Olive Avenue, Porterville, CA,93257,NA,NA,NA,NA,NA,NA,NA,NA,NA,NA,NA,NA,NA,NA,NA,NA,NA,NA,NA,NA,NA,NA,NA,NA,NA,NA,NA,NA,NA,NA,NA,0,18,64,103,117,81,35,40,73,45,0,0,NA,NA,NA,NA,NA,NA,NA,NA,NA,NA,NA,NA,0,17,58,99,91,58,55,59,57,28,0,0,NA,NA,NA,NA,NA,NA,NA,NA,NA,NA,NA,NA,0,8,26,43,48,58,57,56,38,9,1,0,NA,NA,NA,NA,NA,NA,NA,NA,NA,NA,NA,NA,0,9,25,44,34,27,29,7,13,9,1,0,NA,NA,NA,NA,NA,NA,NA,NA,NA,NA,NA,NA,0,11,35,48,44,40,29,28,42,16,1,0,NA,NA,NA,NA,NA,NA,NA,NA,NA,NA,NA,NA,0,0,0,0,0,0,0,0,0,0,0,0,NA,NA,NA,NA,NA,1,1,1,1,1,1,1,1,NA
Delano,631 Jefferson Street, Delano, CA,93215,NA,NA,NA,NA,NA,NA,NA,NA,NA,NA,NA,NA,NA,NA,NA,NA,NA,NA,NA,NA,NA,NA,NA,NA,NA,NA,NA,NA,NA,NA,NA,0,10,34,46,49,61,74,62,55,28,0,0,NA,NA,NA,NA,NA,NA,NA,NA,NA,NA,NA,NA,0,7,26,47,44,53,52,55,41,18,0,0,NA,NA,NA,NA,NA,NA,NA,NA,NA,NA,NA,NA,0,4,13,28,32,36,37,50,41,17,0,0,NA,NA,NA,NA,NA,NA,NA,NA,NA,NA,NA,NA,0,7,25,30,25,20,24,29,31,22,0,0,NA,NA,NA,NA,NA,NA,NA,NA,NA,NA,NA,NA,0,8,30,37,30,19,21,34,23,13,0,0,NA,NA,NA,NA,NA,NA,NA,NA,NA,NA,NA,NA,0,0,0,0,0,0,0,0,0,0,0,0,NA,NA,NA,NA,NA,1,1,1,1,1,1,1,1,NA
Shafter,548 Walker Street, Shafter, CA,93263,NA,NA,NA,NA,NA,NA,NA,NA,NA,NA,NA,NA,NA,NA,NA,NA,NA,NA,NA,NA,NA,NA,NA,NA,NA,NA,NA,NA,NA,NA,NA,0,10,29,47,45,27,37,30,46,25,0,0,NA,NA,NA,NA,NA,NA,NA,NA,NA,NA,NA,NA,0,8,32,49,39,33,21,29,39,17,0,0,NA,NA,NA,NA,NA,NA,NA,NA,NA,NA,NA,NA,0,2,10,24,29,17,13,13,15,8,0,0,NA,NA,NA,NA,NA,NA,NA,NA,NA,NA,NA,NA,0,8,20,15,17,15,13,21,25,13,1,0,NA,NA,NA,NA,NA,NA,NA,NA,NA,NA,NA,NA,0,9,18,20,29,20,19,21,18,8,2,0,NA,NA,NA,NA,NA,NA,NA,NA,NA,NA,NA,NA,0,0,0,0,0,0,0,0,0,0,0,0,NA,NA,NA,NA,NA,1,1,1,1,1,1,1,1,NA
Bakersfield,3120 F Street, Bakersfield, CA,93301,NA,NA,NA,NA,NA,NA,NA,NA,NA,NA,NA,NA,NA,NA,NA,NA,NA,NA,NA,NA,NA,NA,NA,NA,NA,NA,NA,NA,NA,NA,NA,0,14,36,49,43,66,50,47,46,34,2,0,NA,NA,NA,NA,NA,NA,NA,NA,NA,NA,NA,NA,0,15,40,59,36,41,54,51,45,28,3,0,NA,NA,NA,NA,NA,NA,NA,NA,NA,NA,NA,NA,0,6,14,22,11,22,26,25,20,9,0,0,NA,NA,NA,NA,NA,NA,NA,NA,NA,NA,NA,NA,0,12,22,28,25,33,38,43,51,15,0,0,NA,NA,NA,NA,NA,NA,NA,NA,NA,NA,NA,NA,0,13,19,33,27,18,22,36,34,13,0,0,NA,NA,NA,NA,NA,NA,NA,NA,NA,NA,NA,NA,0,0,0,0,0,0,0,0,0,0,0,0,NA,NA,NA,NA,NA,1,1,1,1,1,1,1,1,NA
Bakersfield Southwest,7000 Schirra Ct, Bakersfield, CA,93313,NA,NA,NA,NA,NA,NA,NA,NA,NA,NA,NA,NA,NA,NA,NA,NA,NA,NA,NA,NA,NA,NA,NA,NA,NA,NA,NA,NA,NA,NA,NA,0,17,44,50,36,32,36,35,39,18,0,0,NA,NA,NA,NA,NA,NA,NA,NA,NA,NA,NA,NA,0,13,35,42,42,42,28,26,34,16,0,0,NA,NA,NA,NA,NA,NA,NA,NA,NA,NA,NA,NA,0,5,17,38,34,19,25,24,24,9,0,0,NA,NA,NA,NA,NA,NA,NA,NA,NA,NA,NA,NA,0,13,23,24,21,27,23,24,32,15,0,0,NA,NA,NA,NA,NA,NA,NA,NA,NA,NA,NA,NA,0,14,26,28,25,24,30,23,25,10,0,0,NA,NA,NA,NA,NA,NA,NA,NA,NA,NA,NA,NA,0,0,0,0,0,0,0,0,0,0,0,0,NA,NA,NA,NA,NA,1,1,1,1,1,1,1,1,NA
Arvin,317 Campus Dr, Arvin, CA,93203,NA,NA,NA,NA,NA,NA,NA,NA,NA,NA,NA,NA,NA,NA,NA,NA,NA,NA,NA,NA,NA,NA,NA,NA,NA,NA,NA,NA,NA,NA,NA,0,13,28,33,43,38,37,38,26,7,0,0,NA,NA,NA,NA,NA,NA,NA,NA,NA,NA,NA,NA,0,13,35,25,26,31,34,21,23,11,1,0,NA,NA,NA,NA,NA,NA,NA,NA,NA,NA,NA,NA,0,5,13,17,19,14,25,21,20,7,0,0,NA,NA,NA,NA,NA,NA,NA,NA,NA,NA,NA,NA,0,8,20,25,31,41,22,15,12,12,0,0,NA,NA,NA,NA,NA,NA,NA,NA,NA,NA,NA,NA,0,10,14,13,19,14,20,10,18,7,1,0,NA,NA,NA,NA,NA,NA,NA,NA,NA,NA,NA,NA,0,0,0,0,0,0,0,0,0,0,0,0,NA,NA,NA,NA,NA,1,1,1,1,1,1,1,1,NA
Lake Isabella,5520 Lake Isabella Road G-1, Lake Isabella, CA,93240,NA,NA,NA,NA,NA,NA,NA,NA,NA,NA,NA,NA,NA,NA,NA,NA,NA,NA,NA,NA,NA,NA,NA,NA,NA,NA,NA,NA,NA,NA,NA,0,5,3,10,11,7,7,6,3,1,0,0,NA,NA,NA,NA,NA,NA,NA,NA,NA,NA,NA,NA,0,2,4,2,4,4,5,7,5,1,0,0,NA,NA,NA,NA,NA,NA,NA,NA,NA,NA,NA,NA,0,1,3,4,4,2,2,3,3,3,0,0,NA,NA,NA,NA,NA,NA,NA,NA,NA,NA,NA,NA,0,2,2,4,3,3,4,8,7,2,0,0,NA,NA,NA,NA,NA,NA,NA,NA,NA,NA,NA,NA,0,2,4,8,3,6,6,4,4,1,0,0,NA,NA,NA,NA,NA,NA,NA,NA,NA,NA,NA,NA,0,0,0,0,0,0,0,0,0,0,0,0,NA,NA,NA,NA,NA,1,1,1,1,1,1,1,1,NA
Taft,165 Center Street, Taft, CA,93268,NA,NA,NA,NA,NA,NA,NA,NA,NA,NA,NA,NA,NA,NA,NA,NA,NA,NA,NA,NA,NA,NA,NA,NA,NA,NA,NA,NA,NA,NA,NA,0,8,15,28,11,15,24,7,10,3,0,0,NA,NA,NA,NA,NA,NA,NA,NA,NA,NA,NA,NA,0,9,11,19,16,36,35,12,8,3,0,0,NA,NA,NA,NA,NA,NA,NA,NA,NA,NA,NA,NA,0,2,7,13,5,8,5,8,4,1,0,0,NA,NA,NA,NA,NA,NA,NA,NA,NA,NA,NA,NA,0,6,7,8,6,8,7,5,5,2,0,0,NA,NA,NA,NA,NA,NA,NA,NA,NA,NA,NA,NA,0,3,8,11,7,14,7,10,7,2,0,0,NA,NA,NA,NA,NA,NA,NA,NA,NA,NA,NA,NA,0,0,0,0,0,0,0,0,0,0,0,0,NA,NA,NA,NA,NA,1,1,1,1,1,1,1,1,NA
Los Banos,814 West L Street, Los Banos, CA,93635,NA,NA,NA,NA,NA,NA,NA,NA,NA,NA,NA,NA,NA,NA,NA,NA,NA,NA,NA,NA,NA,NA,NA,NA,NA,NA,NA,NA,NA,NA,NA,0,8,25,36,34,35,32,38,36,9,0,0,NA,NA,NA,NA,NA,NA,NA,NA,NA,NA,NA,NA,0,11,34,42,36,37,34,32,29,7,0,0,NA,NA,NA,NA,NA,NA,NA,NA,NA,NA,NA,NA,0,3,8,22,14,22,22,20,22,5,0,0,NA,NA,NA,NA,NA,NA,NA,NA,NA,NA,NA,NA,0,7,21,29,18,25,33,19,24,12,0,0,NA,NA,NA,NA,NA,NA,NA,NA,NA,NA,NA,NA,0,6,27,35,27,26,38,23,23,9,0,0,NA,NA,NA,NA,NA,NA,NA,NA,NA,NA,NA,NA,0,0,0,0,0,0,0,0,0,0,0,0,NA,NA,NA,NA,NA,1,1,1,1,1,1,1,1,NA
Tracy,2785 Auto Plaza Drive, Tracy, CA,95304,NA,NA,NA,NA,NA,NA,NA,NA,NA,NA,NA,NA,NA,NA,NA,NA,NA,NA,NA,NA,NA,NA,NA,NA,NA,NA,NA,NA,NA,NA,NA,0,20,38,44,45,50,50,30,24,8,0,0,NA,NA,NA,NA,NA,NA,NA,NA,NA,NA,NA,NA,0,15,21,14,13,22,25,20,24,17,0,0,NA,NA,NA,NA,NA,NA,NA,NA,NA,NA,NA,NA,0,1,10,24,22,14,16,21,25,10,0,0,NA,NA,NA,NA,NA,NA,NA,NA,NA,NA,NA,NA,0,13,18,18,18,18,20,15,7,3,0,0,NA,NA,NA,NA,NA,NA,NA,NA,NA,NA,NA,NA,0,15,24,23,18,22,22,27,23,6,0,0,NA,NA,NA,NA,NA,NA,NA,NA,NA,NA,NA,NA,0,0,0,0,0,0,0,0,0,0,0,0,NA,NA,NA,NA,NA,1,1,1,1,1,1,1,1,NA
Folsom,323 E Bidwell A, Folsom, CA,95630,NA,NA,NA,NA,NA,NA,NA,NA,NA,NA,NA,NA,NA,NA,NA,NA,NA,NA,NA,NA,NA,NA,NA,NA,NA,NA,NA,NA,NA,NA,NA,0,15,49,72,76,89,87,80,65,47,0,0,NA,NA,NA,NA,NA,NA,NA,NA,NA,NA,NA,NA,0,18,48,60,60,47,38,22,25,19,2,0,NA,NA,NA,NA,NA,NA,NA,NA,NA,NA,NA,NA,0,5,12,26,36,42,38,29,29,8,0,0,NA,NA,NA,NA,NA,NA,NA,NA,NA,NA,NA,NA,0,10,29,42,45,43,38,31,25,9,0,0,NA,NA,NA,NA,NA,NA,NA,NA,NA,NA,NA,NA,0,12,38,42,40,36,38,35,37,26,0,0,NA,NA,NA,NA,NA,NA,NA,NA,NA,NA,NA,NA,0,0,0,0,0,0,0,0,0,0,0,0,NA,NA,NA,NA,NA,1,1,1,1,1,1,1,1,NA
Placerville,2919 Cold Springs Road, Placerville, CA,95667,NA,NA,NA,NA,NA,NA,NA,NA,NA,NA,NA,NA,NA,NA,NA,NA,NA,NA,NA,NA,NA,NA,NA,NA,NA,NA,NA,NA,NA,NA,NA,0,18,65,94,106,113,122,113,104,39,0,0,NA,NA,NA,NA,NA,NA,NA,NA,NA,NA,NA,NA,1,19,44,61,41,25,13,17,34,13,0,0,NA,NA,NA,NA,NA,NA,NA,NA,NA,NA,NA,NA,0,9,29,61,76,85,78,60,52,15,0,0,NA,NA,NA,NA,NA,NA,NA,NA,NA,NA,NA,NA,0,16,42,55,61,54,59,55,43,13,0,0,NA,NA,NA,NA,NA,NA,NA,NA,NA,NA,NA,NA,0,14,35,51,49,58,69,52,50,20,0,0,NA,NA,NA,NA,NA,NA,NA,NA,NA,NA,NA,NA,0,0,0,0,0,0,0,0,0,0,0,0,NA,NA,NA,NA,NA,1,1,1,1,1,1,1,1,NA
West Sacramento Commercial Drive Test Center,2528 Evergreen Avenue, West Sacramento, CA,95691,NA,NA,NA,NA,NA,NA,NA,NA,NA,NA,NA,NA,NA,NA,NA,NA,NA,NA,NA,NA,NA,NA,NA,NA,NA,NA,NA,NA,NA,NA,NA,0,0,0,1,1,1,1,0,0,0,0,0,NA,NA,NA,NA,NA,NA,NA,NA,NA,NA,NA,NA,0,0,0,1,1,1,1,1,3,0,0,0,NA,NA,NA,NA,NA,NA,NA,NA,NA,NA,NA,NA,0,1,0,1,0,1,1,1,1,0,0,0,NA,NA,NA,NA,NA,NA,NA,NA,NA,NA,NA,NA,0,0,1,1,0,1,1,0,0,0,0,0,NA,NA,NA,NA,NA,NA,NA,NA,NA,NA,NA,NA,0,1,0,0,0,1,1,1,1,0,0,0,NA,NA,NA,NA,NA,NA,NA,NA,NA,NA,NA,NA,0,0,0,0,0,0,0,0,0,0,0,0,NA,NA,NA,NA,NA,NA,NA,NA,NA,1,1,NA,1,NA
Eureka,3300 Broadway St, Eureka, CA,95501,NA,NA,NA,NA,NA,NA,NA,NA,NA,NA,NA,NA,NA,NA,NA,NA,NA,NA,NA,NA,NA,NA,NA,NA,NA,NA,NA,NA,NA,NA,NA,0,6,11,10,15,15,11,13,8,5,0,0,NA,NA,NA,NA,NA,NA,NA,NA,NA,NA,NA,NA,0,4,4,3,8,12,7,10,3,3,0,0,NA,NA,NA,NA,NA,NA,NA,NA,NA,NA,NA,NA,0,1,5,5,8,8,4,7,3,3,0,0,NA,NA,NA,NA,NA,NA,NA,NA,NA,NA,NA,NA,0,3,5,3,9,11,5,7,7,4,0,0,NA,NA,NA,NA,NA,NA,NA,NA,NA,NA,NA,NA,0,4,6,2,10,7,6,6,6,3,0,0,NA,NA,NA,NA,NA,NA,NA,NA,NA,NA,NA,NA,0,0,0,0,0,0,0,0,0,0,0,0,NA,NA,NA,NA,NA,1,1,1,1,1,1,1,1,NA
Garberville,1180 Evergreen Rd, Redway, CA,95560,NA,NA,NA,NA,NA,NA,NA,NA,NA,NA,NA,NA,NA,NA,NA,NA,NA,NA,NA,NA,NA,NA,NA,NA,NA,NA,NA,NA,NA,NA,NA,0,2,5,9,19,10,5,11,28,9,0,0,NA,NA,NA,NA,NA,NA,NA,NA,NA,NA,NA,NA,0,1,1,7,5,0,7,22,21,2,0,0,NA,NA,NA,NA,NA,NA,NA,NA,NA,NA,NA,NA,0,0,3,9,4,0,1,1,4,4,0,0,NA,NA,NA,NA,NA,NA,NA,NA,NA,NA,NA,NA,0,0,1,4,9,1,3,4,8,3,0,0,NA,NA,NA,NA,NA,NA,NA,NA,NA,NA,NA,NA,0,1,1,3,3,0,2,5,6,2,0,0,NA,NA,NA,NA,NA,NA,NA,NA,NA,NA,NA,NA,0,0,0,0,0,0,0,0,0,0,0,0,NA,NA,NA,NA,NA,1,1,1,1,1,1,1,1,NA
Fort Bragg,410 S Franklin Street, Fort Bragg, CA,95437,NA,NA,NA,NA,NA,NA,NA,NA,NA,NA,NA,NA,NA,NA,NA,NA,NA,NA,NA,NA,NA,NA,NA,NA,NA,NA,NA,NA,NA,NA,NA,0,9,17,12,13,11,5,10,7,6,2,0,NA,NA,NA,NA,NA,NA,NA,NA,NA,NA,NA,NA,0,2,5,5,5,6,9,10,15,4,0,0,NA,NA,NA,NA,NA,NA,NA,NA,NA,NA,NA,NA,0,1,5,10,8,4,6,6,3,1,0,0,NA,NA,NA,NA,NA,NA,NA,NA,NA,NA,NA,NA,0,4,6,6,2,7,8,4,2,10,2,0,NA,NA,NA,NA,NA,NA,NA,NA,NA,NA,NA,NA,0,4,4,7,8,8,13,11,13,6,0,0,NA,NA,NA,NA,NA,NA,NA,NA,NA,NA,NA,NA,0,0,0,0,0,0,0,0,0,0,0,0,NA,NA,NA,NA,NA,1,1,1,1,1,1,1,1,NA
Lakeport,965 Parallel Drive, Lakeport, CA,95453,NA,NA,NA,NA,NA,NA,NA,NA,NA,NA,NA,NA,NA,NA,NA,NA,NA,NA,NA,NA,NA,NA,NA,NA,NA,NA,NA,NA,NA,NA,NA,0,9,27,26,31,31,22,29,28,18,0,0,NA,NA,NA,NA,NA,NA,NA,NA,NA,NA,NA,NA,0,5,18,25,32,28,22,27,22,11,0,0,NA,NA,NA,NA,NA,NA,NA,NA,NA,NA,NA,NA,0,3,16,26,29,29,17,21,33,23,0,0,NA,NA,NA,NA,NA,NA,NA,NA,NA,NA,NA,NA,0,6,16,16,12,13,8,7,11,6,0,0,NA,NA,NA,NA,NA,NA,NA,NA,NA,NA,NA,NA,0,6,19,27,26,22,20,19,22,17,0,0,NA,NA,NA,NA,NA,NA,NA,NA,NA,NA,NA,NA,0,0,0,0,0,0,0,0,0,0,0,0,NA,NA,NA,NA,NA,1,1,1,1,1,1,1,1,NA
Willows,815 N Humboldt Avenue, Willows, CA,95988,NA,NA,NA,NA,NA,NA,NA,NA,NA,NA,NA,NA,NA,NA,NA,NA,NA,NA,NA,NA,NA,NA,NA,NA,NA,NA,NA,NA,NA,NA,NA,0,8,17,19,19,20,18,14,5,3,0,0,NA,NA,NA,NA,NA,NA,NA,NA,NA,NA,NA,NA,0,6,8,4,1,4,3,2,2,1,0,0,NA,NA,NA,NA,NA,NA,NA,NA,NA,NA,NA,NA,0,1,4,5,8,7,3,4,6,4,0,0,NA,NA,NA,NA,NA,NA,NA,NA,NA,NA,NA,NA,0,5,8,6,7,6,3,1,2,2,0,0,NA,NA,NA,NA,NA,NA,NA,NA,NA,NA,NA,NA,0,7,6,5,6,4,5,4,2,2,0,0,NA,NA,NA,NA,NA,NA,NA,NA,NA,NA,NA,NA,0,0,0,0,0,0,0,0,0,0,0,0,NA,NA,NA,NA,NA,1,1,1,1,1,1,1,1,NA
Crescent City,1475 Parkway Drive, Crescent City, CA,95531,NA,NA,NA,NA,NA,NA,NA,NA,NA,NA,NA,NA,NA,NA,NA,NA,NA,NA,NA,NA,NA,NA,NA,NA,NA,NA,NA,NA,NA,NA,NA,0,9,12,17,20,23,26,16,19,7,0,0,NA,NA,NA,NA,NA,NA,NA,NA,NA,NA,NA,NA,0,5,6,11,15,21,14,17,14,10,0,0,NA,NA,NA,NA,NA,NA,NA,NA,NA,NA,NA,NA,0,1,8,6,2,6,4,7,11,9,0,0,NA,NA,NA,NA,NA,NA,NA,NA,NA,NA,NA,NA,0,4,9,14,19,17,14,10,9,11,0,0,NA,NA,NA,NA,NA,NA,NA,NA,NA,NA,NA,NA,0,7,8,11,7,10,14,27,26,10,0,0,NA,NA,NA,NA,NA,NA,NA,NA,NA,NA,NA,NA,0,0,0,0,0,0,0,0,0,0,0,0,NA,NA,NA,NA,NA,1,1,1,1,1,1,1,1,NA
Susanville,2615 Main Street, Susanville, CA,96130,NA,NA,NA,NA,NA,NA,NA,NA,NA,NA,NA,NA,NA,NA,NA,NA,NA,NA,NA,NA,NA,NA,NA,NA,NA,NA,NA,NA,NA,NA,NA,0,3,3,7,3,8,4,5,9,1,0,0,NA,NA,NA,NA,NA,NA,NA,NA,NA,NA,NA,NA,0,5,6,6,4,7,12,10,4,1,0,0,NA,NA,NA,NA,NA,NA,NA,NA,NA,NA,NA,NA,0,1,2,2,5,5,4,7,3,9,0,0,NA,NA,NA,NA,NA,NA,NA,NA,NA,NA,NA,NA,0,7,4,8,3,5,6,4,6,4,0,0,NA,NA,NA,NA,NA,NA,NA,NA,NA,NA,NA,NA,0,4,4,5,2,4,5,5,4,3,0,0,NA,NA,NA,NA,NA,NA,NA,NA,NA,NA,NA,NA,0,0,0,0,0,0,0,0,0,0,0,0,NA,NA,NA,NA,NA,1,1,1,1,1,1,1,1,NA
Quincy,1953 E Main Street Suite 3, Quincy, CA,95971,NA,NA,NA,NA,NA,NA,NA,NA,NA,NA,NA,NA,NA,NA,NA,NA,NA,NA,NA,NA,NA,NA,NA,NA,NA,NA,NA,NA,NA,NA,NA,0,8,10,6,10,1,10,22,12,5,0,0,NA,NA,NA,NA,NA,NA,NA,NA,NA,NA,NA,NA,0,3,5,10,7,1,4,10,3,2,0,0,NA,NA,NA,NA,NA,NA,NA,NA,NA,NA,NA,NA,0,1,8,4,6,0,5,8,4,4,0,0,NA,NA,NA,NA,NA,NA,NA,NA,NA,NA,NA,NA,0,2,6,7,3,0,8,18,9,2,0,0,NA,NA,NA,NA,NA,NA,NA,NA,NA,NA,NA,NA,0,3,2,7,5,0,6,17,11,4,0,0,NA,NA,NA,NA,NA,NA,NA,NA,NA,NA,NA,NA,0,0,0,0,0,0,0,0,0,0,0,0,NA,NA,NA,NA,NA,1,1,1,1,1,1,1,1,NA
Hemet,1200 S State St, Hemet, CA,92543,NA,NA,NA,NA,NA,NA,NA,NA,NA,NA,NA,NA,NA,NA,NA,NA,NA,NA,NA,NA,NA,NA,NA,NA,NA,NA,NA,NA,NA,NA,NA,0,12,37,67,77,85,82,68,56,22,5,0,NA,NA,NA,NA,NA,NA,NA,NA,NA,NA,NA,NA,0,12,36,51,49,52,39,28,31,21,0,0,NA,NA,NA,NA,NA,NA,NA,NA,NA,NA,NA,NA,0,4,11,17,23,27,20,13,23,16,0,0,NA,NA,NA,NA,NA,NA,NA,NA,NA,NA,NA,NA,0,9,31,41,37,50,53,40,34,11,3,0,NA,NA,NA,NA,NA,NA,NA,NA,NA,NA,NA,NA,0,9,28,47,55,60,49,49,46,18,3,0,NA,NA,NA,NA,NA,NA,NA,NA,NA,NA,NA,NA,0,0,0,0,0,0,0,0,0,0,0,0,NA,NA,NA,NA,NA,1,1,1,1,1,1,1,1,NA
Banning,1034 W Ramsey Street B, Banning, CA,92220,NA,NA,NA,NA,NA,NA,NA,NA,NA,NA,NA,NA,NA,NA,NA,NA,NA,NA,NA,NA,NA,NA,NA,NA,NA,NA,NA,NA,NA,NA,NA,0,10,21,36,44,51,50,41,40,17,1,0,NA,NA,NA,NA,NA,NA,NA,NA,NA,NA,NA,NA,0,14,27,52,52,46,43,42,44,21,0,0,NA,NA,NA,NA,NA,NA,NA,NA,NA,NA,NA,NA,0,4,11,27,31,29,25,11,16,11,0,0,NA,NA,NA,NA,NA,NA,NA,NA,NA,NA,NA,NA,0,12,36,50,63,62,53,52,43,16,0,0,NA,NA,NA,NA,NA,NA,NA,NA,NA,NA,NA,NA,0,12,35,52,68,70,54,43,34,14,1,0,NA,NA,NA,NA,NA,NA,NA,NA,NA,NA,NA,NA,0,0,0,0,0,0,0,0,0,0,0,0,NA,NA,NA,NA,NA,1,1,1,1,1,1,1,1,NA
Redlands,1659 W Lugonia Avenue, Redlands, CA,92374,NA,NA,NA,NA,NA,NA,NA,NA,NA,NA,NA,NA,NA,NA,NA,NA,NA,NA,NA,NA,NA,NA,NA,NA,NA,NA,NA,NA,NA,NA,NA,0,0,0,0,0,0,0,0,0,0,0,0,NA,NA,NA,NA,NA,NA,NA,NA,NA,NA,NA,NA,0,0,0,0,0,0,0,0,0,0,0,0,NA,NA,NA,NA,NA,NA,NA,NA,NA,NA,NA,NA,0,0,0,0,0,0,0,0,0,0,0,0,NA,NA,NA,NA,NA,NA,NA,NA,NA,NA,NA,NA,0,0,0,0,0,0,0,0,0,0,0,0,NA,NA,NA,NA,NA,NA,NA,NA,NA,NA,NA,NA,0,0,0,0,0,0,0,0,0,0,0,0,NA,NA,NA,NA,NA,NA,NA,NA,NA,NA,NA,NA,0,0,0,0,0,0,0,0,0,0,0,0,NA,NA,NA,NA,NA,1,1,1,1,1,1,1,1,NA
San Bernardino,1310 N Waterman Avenue, San Bernardino, CA,92404,NA,NA,NA,NA,NA,NA,NA,NA,NA,NA,NA,NA,NA,NA,NA,NA,NA,NA,NA,NA,NA,NA,NA,NA,NA,NA,NA,NA,NA,NA,NA,0,19,35,58,56,70,72,68,64,34,3,0,NA,NA,NA,NA,NA,NA,NA,NA,NA,NA,NA,NA,1,21,45,66,61,77,73,57,38,18,7,0,NA,NA,NA,NA,NA,NA,NA,NA,NA,NA,NA,NA,0,8,15,35,36,37,27,26,23,14,1,0,NA,NA,NA,NA,NA,NA,NA,NA,NA,NA,NA,NA,0,14,31,45,41,53,48,32,26,13,1,0,NA,NA,NA,NA,NA,NA,NA,NA,NA,NA,NA,NA,0,13,30,51,45,42,41,43,46,15,3,0,NA,NA,NA,NA,NA,NA,NA,NA,NA,NA,NA,NA,0,0,0,0,0,0,0,0,0,0,0,0,NA,NA,NA,NA,NA,1,1,1,1,1,1,1,1,NA
Fontana,8026 Hemlock Ave, Fontana, CA,92336,NA,NA,NA,NA,NA,NA,NA,NA,NA,NA,NA,NA,NA,NA,NA,NA,NA,NA,NA,NA,NA,NA,NA,NA,NA,NA,NA,NA,NA,NA,NA,0,19,38,45,36,50,51,50,34,17,3,0,NA,NA,NA,NA,NA,NA,NA,NA,NA,NA,NA,NA,0,16,19,20,16,23,28,30,27,11,2,0,NA,NA,NA,NA,NA,NA,NA,NA,NA,NA,NA,NA,0,6,7,14,10,14,22,21,20,8,3,0,NA,NA,NA,NA,NA,NA,NA,NA,NA,NA,NA,NA,0,11,16,19,19,22,28,24,21,7,2,0,NA,NA,NA,NA,NA,NA,NA,NA,NA,NA,NA,NA,0,14,28,31,24,30,40,45,43,17,1,0,NA,NA,NA,NA,NA,NA,NA,NA,NA,NA,NA,NA,0,0,0,0,0,0,0,0,0,0,0,0,NA,NA,NA,NA,NA,1,1,1,1,1,1,1,1,NA
Rancho Cucamonga,8629 Hellman Avenue, Rancho Cucamonga, CA,91730,NA,NA,NA,NA,NA,NA,NA,NA,NA,NA,NA,NA,NA,NA,NA,NA,NA,NA,NA,NA,NA,NA,NA,NA,NA,NA,NA,NA,NA,NA,NA,0,17,43,66,63,70,83,62,40,19,4,0,NA,NA,NA,NA,NA,NA,NA,NA,NA,NA,NA,NA,0,16,46,72,58,54,56,43,44,25,1,0,NA,NA,NA,NA,NA,NA,NA,NA,NA,NA,NA,NA,0,8,20,37,44,55,48,34,42,20,2,0,NA,NA,NA,NA,NA,NA,NA,NA,NA,NA,NA,NA,0,9,25,36,39,35,33,37,39,19,2,0,NA,NA,NA,NA,NA,NA,NA,NA,NA,NA,NA,NA,0,13,34,50,47,58,47,35,29,14,4,0,NA,NA,NA,NA,NA,NA,NA,NA,NA,NA,NA,NA,0,0,0,0,0,0,0,0,0,0,0,0,NA,NA,NA,NA,NA,1,1,1,1,1,1,1,1,NA
Pomona,1600 S Garey Avenue, Pomona, CA,91766,NA,NA,NA,NA,NA,NA,NA,NA,NA,NA,NA,NA,NA,NA,NA,NA,NA,NA,NA,NA,NA,NA,NA,NA,NA,NA,NA,NA,NA,NA,NA,1,21,40,54,59,71,71,73,65,29,5,0,NA,NA,NA,NA,NA,NA,NA,NA,NA,NA,NA,NA,1,21,31,40,42,35,31,21,25,23,3,0,NA,NA,NA,NA,NA,NA,NA,NA,NA,NA,NA,NA,1,8,17,22,25,28,26,23,19,14,4,0,NA,NA,NA,NA,NA,NA,NA,NA,NA,NA,NA,NA,1,16,28,33,30,24,15,15,16,9,1,0,NA,NA,NA,NA,NA,NA,NA,NA,NA,NA,NA,NA,1,17,28,28,29,31,36,24,22,11,3,0,NA,NA,NA,NA,NA,NA,NA,NA,NA,NA,NA,NA,0,0,0,0,0,0,0,0,0,0,0,0,NA,NA,NA,NA,NA,1,1,1,1,1,1,1,1,NA
West Covina,800 So Glendora Avenue, West Covina, CA,91790,NA,NA,NA,NA,NA,NA,NA,NA,NA,NA,NA,NA,NA,NA,NA,NA,NA,NA,NA,NA,NA,NA,NA,NA,NA,NA,NA,NA,NA,NA,NA,0,5,31,28,18,42,35,33,50,62,13,0,NA,NA,NA,NA,NA,NA,NA,NA,NA,NA,NA,NA,0,9,34,27,11,25,23,27,41,21,2,0,NA,NA,NA,NA,NA,NA,NA,NA,NA,NA,NA,NA,0,4,14,19,21,21,21,34,48,53,7,0,NA,NA,NA,NA,NA,NA,NA,NA,NA,NA,NA,NA,0,8,27,27,23,34,41,34,44,45,22,0,NA,NA,NA,NA,NA,NA,NA,NA,NA,NA,NA,NA,0,8,31,40,8,20,28,23,30,35,9,0,NA,NA,NA,NA,NA,NA,NA,NA,NA,NA,NA,NA,0,0,0,0,0,0,0,0,0,0,0,0,NA,NA,NA,NA,NA,1,1,1,1,1,1,1,1,NA
Montebello,424 N Wilcox Avenue, Montebello, CA,90640,NA,NA,NA,NA,NA,NA,NA,NA,NA,NA,NA,NA,NA,NA,NA,NA,NA,NA,NA,NA,NA,NA,NA,NA,NA,NA,NA,NA,NA,NA,NA,0,9,15,11,15,23,18,12,19,9,0,0,NA,NA,NA,NA,NA,NA,NA,NA,NA,NA,NA,NA,0,9,13,11,6,19,17,12,8,5,0,0,NA,NA,NA,NA,NA,NA,NA,NA,NA,NA,NA,NA,0,4,7,10,8,16,11,9,12,4,0,0,NA,NA,NA,NA,NA,NA,NA,NA,NA,NA,NA,NA,0,8,15,12,8,15,19,12,12,5,0,0,NA,NA,NA,NA,NA,NA,NA,NA,NA,NA,NA,NA,0,7,10,9,7,16,13,9,14,6,0,0,NA,NA,NA,NA,NA,NA,NA,NA,NA,NA,NA,NA,0,0,0,0,0,0,0,0,0,0,0,0,NA,NA,NA,NA,NA,1,1,1,1,1,1,1,1,NA
Bell Gardens,6801 South Garfield, Bell Gardens, CA,90201,NA,NA,NA,NA,NA,NA,NA,NA,NA,NA,NA,NA,NA,NA,NA,NA,NA,NA,NA,NA,NA,NA,NA,NA,NA,NA,NA,NA,NA,NA,NA,1,22,8,17,21,22,26,15,28,14,0,0,NA,NA,NA,NA,NA,NA,NA,NA,NA,NA,NA,NA,1,23,25,30,36,40,43,39,40,18,0,0,NA,NA,NA,NA,NA,NA,NA,NA,NA,NA,NA,NA,1,10,7,7,13,22,23,23,26,16,0,0,NA,NA,NA,NA,NA,NA,NA,NA,NA,NA,NA,NA,1,17,15,22,26,25,25,20,29,24,5,0,NA,NA,NA,NA,NA,NA,NA,NA,NA,NA,NA,NA,1,14,13,20,24,23,22,12,20,12,0,0,NA,NA,NA,NA,NA,NA,NA,NA,NA,NA,NA,NA,0,0,0,0,0,0,0,0,0,0,0,0,NA,NA,NA,NA,NA,1,1,1,1,1,1,1,1,NA
Whittier,9338 S Painter Avenue, Whittier, CA,90605,NA,NA,NA,NA,NA,NA,NA,NA,NA,NA,NA,NA,NA,NA,NA,NA,NA,NA,NA,NA,NA,NA,NA,NA,NA,NA,NA,NA,NA,NA,NA,0,17,23,33,34,21,15,11,16,7,0,0,NA,NA,NA,NA,NA,NA,NA,NA,NA,NA,NA,NA,0,14,13,19,17,10,8,12,19,6,0,0,NA,NA,NA,NA,NA,NA,NA,NA,NA,NA,NA,NA,0,4,10,17,10,9,8,7,10,4,0,0,NA,NA,NA,NA,NA,NA,NA,NA,NA,NA,NA,NA,0,7,12,19,13,9,12,9,18,9,0,0,NA,NA,NA,NA,NA,NA,NA,NA,NA,NA,NA,NA,1,10,12,15,7,5,10,9,11,3,0,0,NA,NA,NA,NA,NA,NA,NA,NA,NA,NA,NA,NA,0,0,0,0,0,0,0,0,0,0,0,0,NA,NA,NA,NA,NA,1,1,1,1,1,1,1,1,NA
Fullerton,909 W Valencia Drive, Fullerton, CA,92832,NA,NA,NA,NA,NA,NA,NA,NA,NA,NA,NA,NA,NA,NA,NA,NA,NA,NA,NA,NA,NA,NA,NA,NA,NA,NA,NA,NA,NA,NA,NA,0,20,21,28,33,39,41,39,33,11,0,0,NA,NA,NA,NA,NA,NA,NA,NA,NA,NA,NA,NA,0,19,14,14,18,23,22,15,20,7,4,0,NA,NA,NA,NA,NA,NA,NA,NA,NA,NA,NA,NA,0,6,9,11,15,26,24,13,12,2,0,0,NA,NA,NA,NA,NA,NA,NA,NA,NA,NA,NA,NA,0,11,10,14,14,17,17,14,12,4,1,0,NA,NA,NA,NA,NA,NA,NA,NA,NA,NA,NA,NA,0,13,9,14,17,19,22,20,12,4,0,0,NA,NA,NA,NA,NA,NA,NA,NA,NA,NA,NA,NA,0,0,0,0,0,0,0,0,0,0,0,0,NA,NA,NA,NA,NA,1,1,1,1,1,1,1,1,NA
Westminster,13700 Hoover Street, Westminster, CA,92683,NA,NA,NA,NA,NA,NA,NA,NA,NA,NA,NA,NA,NA,NA,NA,NA,NA,NA,NA,NA,NA,NA,NA,NA,NA,NA,NA,NA,NA,NA,NA,0,18,42,54,54,48,27,22,24,24,3,0,NA,NA,NA,NA,NA,NA,NA,NA,NA,NA,NA,NA,0,20,35,48,41,18,8,11,16,11,0,0,NA,NA,NA,NA,NA,NA,NA,NA,NA,NA,NA,NA,0,8,15,18,17,17,10,11,13,6,0,0,NA,NA,NA,NA,NA,NA,NA,NA,NA,NA,NA,NA,0,12,20,18,11,15,13,11,14,14,1,0,NA,NA,NA,NA,NA,NA,NA,NA,NA,NA,NA,NA,0,15,29,38,43,29,18,13,13,18,1,0,NA,NA,NA,NA,NA,NA,NA,NA,NA,NA,NA,NA,0,0,0,0,0,0,0,0,0,0,0,0,NA,NA,NA,NA,NA,1,1,1,1,1,1,1,1,NA
Santa Ana,1330 E First Street, Santa Ana, CA,92701,NA,NA,NA,NA,NA,NA,NA,NA,NA,NA,NA,NA,NA,NA,NA,NA,NA,NA,NA,NA,NA,NA,NA,NA,NA,NA,NA,NA,NA,NA,NA,0,17,27,43,58,72,77,71,58,20,2,0,NA,NA,NA,NA,NA,NA,NA,NA,NA,NA,NA,NA,0,23,40,46,44,43,47,44,38,16,3,0,NA,NA,NA,NA,NA,NA,NA,NA,NA,NA,NA,NA,0,9,18,28,29,35,33,23,20,14,0,0,NA,NA,NA,NA,NA,NA,NA,NA,NA,NA,NA,NA,0,17,26,35,38,35,25,20,19,11,4,0,NA,NA,NA,NA,NA,NA,NA,NA,NA,NA,NA,NA,0,17,31,40,33,28,25,17,18,8,1,0,NA,NA,NA,NA,NA,NA,NA,NA,NA,NA,NA,NA,0,0,0,0,0,0,0,0,0,0,0,0,NA,NA,NA,NA,NA,1,1,1,1,1,1,1,1,NA
Costa Mesa,650 W 19th Street, Costa Mesa, CA,92627,NA,NA,NA,NA,NA,NA,NA,NA,NA,NA,NA,NA,NA,NA,NA,NA,NA,NA,NA,NA,NA,NA,NA,NA,NA,NA,NA,NA,NA,NA,NA,0,21,46,61,48,31,24,23,20,12,4,0,NA,NA,NA,NA,NA,NA,NA,NA,NA,NA,NA,NA,1,23,34,29,17,23,18,15,24,21,4,0,NA,NA,NA,NA,NA,NA,NA,NA,NA,NA,NA,NA,0,7,14,30,30,31,22,20,26,19,8,0,NA,NA,NA,NA,NA,NA,NA,NA,NA,NA,NA,NA,0,12,10,20,21,11,16,14,11,9,7,0,NA,NA,NA,NA,NA,NA,NA,NA,NA,NA,NA,NA,0,16,26,26,25,25,33,36,25,9,7,0,NA,NA,NA,NA,NA,NA,NA,NA,NA,NA,NA,NA,0,0,0,0,0,0,0,0,0,0,0,0,NA,NA,NA,NA,NA,1,1,1,1,1,1,1,1,NA
Laguna Hills,23535 Moulton Parkway, Laguna Hills, CA,92653,NA,NA,NA,NA,NA,NA,NA,NA,NA,NA,NA,NA,NA,NA,NA,NA,NA,NA,NA,NA,NA,NA,NA,NA,NA,NA,NA,NA,NA,NA,NA,0,21,45,61,52,50,53,41,35,12,1,0,NA,NA,NA,NA,NA,NA,NA,NA,NA,NA,NA,NA,1,18,34,42,42,42,41,40,29,17,1,0,NA,NA,NA,NA,NA,NA,NA,NA,NA,NA,NA,NA,0,10,27,36,35,38,34,21,20,13,1,0,NA,NA,NA,NA,NA,NA,NA,NA,NA,NA,NA,NA,0,14,29,32,29,22,16,22,25,21,2,0,NA,NA,NA,NA,NA,NA,NA,NA,NA,NA,NA,NA,0,12,24,37,28,21,20,26,36,8,0,0,NA,NA,NA,NA,NA,NA,NA,NA,NA,NA,NA,NA,0,0,0,0,0,0,0,0,0,0,0,0,NA,NA,NA,NA,NA,1,1,1,1,1,1,1,1,NA
San Clemente,2727 Via Cascadita, San Clemente, CA,92672,NA,NA,NA,NA,NA,NA,NA,NA,NA,NA,NA,NA,NA,NA,NA,NA,NA,NA,NA,NA,NA,NA,NA,NA,NA,NA,NA,NA,NA,NA,NA,0,14,46,75,80,96,93,60,44,19,7,0,NA,NA,NA,NA,NA,NA,NA,NA,NA,NA,NA,NA,0,14,43,61,60,60,52,42,28,15,7,0,NA,NA,NA,NA,NA,NA,NA,NA,NA,NA,NA,NA,0,7,18,27,35,51,56,45,34,8,5,0,NA,NA,NA,NA,NA,NA,NA,NA,NA,NA,NA,NA,0,9,23,22,22,35,35,32,28,10,2,0,NA,NA,NA,NA,NA,NA,NA,NA,NA,NA,NA,NA,0,12,29,39,41,47,36,18,16,10,2,0,NA,NA,NA,NA,NA,NA,NA,NA,NA,NA,NA,NA,0,0,0,0,0,0,0,0,0,0,0,0,NA,NA,NA,NA,NA,1,1,1,1,1,1,1,1,NA
Oceanside,4005 Plaza Drive, Oceanside, CA,92056,NA,NA,NA,NA,NA,NA,NA,NA,NA,NA,NA,NA,NA,NA,NA,NA,NA,NA,NA,NA,NA,NA,NA,NA,NA,NA,NA,NA,NA,NA,NA,0,13,30,50,51,51,57,57,43,20,6,0,NA,NA,NA,NA,NA,NA,NA,NA,NA,NA,NA,NA,0,12,25,47,57,55,52,46,41,34,4,0,NA,NA,NA,NA,NA,NA,NA,NA,NA,NA,NA,NA,0,5,9,21,29,34,40,44,41,22,1,0,NA,NA,NA,NA,NA,NA,NA,NA,NA,NA,NA,NA,0,8,14,24,29,24,22,20,15,11,1,0,NA,NA,NA,NA,NA,NA,NA,NA,NA,NA,NA,NA,0,10,14,23,29,31,34,35,27,19,7,0,NA,NA,NA,NA,NA,NA,NA,NA,NA,NA,NA,NA,0,0,0,0,0,0,0,0,0,0,0,0,NA,NA,NA,NA,NA,1,1,1,1,1,1,1,1,NA
San Marcos,590 Rancheros Dr, San Marcos, CA,92069,NA,NA,NA,NA,NA,NA,NA,NA,NA,NA,NA,NA,NA,NA,NA,NA,NA,NA,NA,NA,NA,NA,NA,NA,NA,NA,NA,NA,NA,NA,NA,0,21,37,46,50,68,73,60,59,46,10,0,NA,NA,NA,NA,NA,NA,NA,NA,NA,NA,NA,NA,0,20,27,31,24,26,25,22,30,21,4,0,NA,NA,NA,NA,NA,NA,NA,NA,NA,NA,NA,NA,0,5,12,22,20,28,22,15,22,13,2,0,NA,NA,NA,NA,NA,NA,NA,NA,NA,NA,NA,NA,0,14,24,22,13,20,33,35,30,22,2,0,NA,NA,NA,NA,NA,NA,NA,NA,NA,NA,NA,NA,0,15,30,37,38,48,52,42,26,24,8,0,NA,NA,NA,NA,NA,NA,NA,NA,NA,NA,NA,NA,0,0,0,0,0,0,0,0,0,0,0,0,NA,NA,NA,NA,NA,1,1,1,1,1,1,1,1,NA
Poway,13461 Community Road, Poway, CA,92064,NA,NA,NA,NA,NA,NA,NA,NA,NA,NA,NA,NA,NA,NA,NA,NA,NA,NA,NA,NA,NA,NA,NA,NA,NA,NA,NA,NA,NA,NA,NA,0,15,41,55,68,82,82,64,45,28,7,0,NA,NA,NA,NA,NA,NA,NA,NA,NA,NA,NA,NA,0,18,41,63,75,70,62,45,43,38,15,0,NA,NA,NA,NA,NA,NA,NA,NA,NA,NA,NA,NA,0,8,16,28,34,38,34,21,25,9,2,0,NA,NA,NA,NA,NA,NA,NA,NA,NA,NA,NA,NA,0,13,16,25,34,37,42,49,58,41,3,0,NA,NA,NA,NA,NA,NA,NA,NA,NA,NA,NA,NA,0,12,35,52,56,65,74,60,46,36,5,0,NA,NA,NA,NA,NA,NA,NA,NA,NA,NA,NA,NA,0,0,0,0,0,0,0,0,0,0,0,0,NA,NA,NA,NA,NA,1,1,1,1,1,1,1,1,NA
El Cajon,1450 Graves Avenue, El Cajon, CA,92021,NA,NA,NA,NA,NA,NA,NA,NA,NA,NA,NA,NA,NA,NA,NA,NA,NA,NA,NA,NA,NA,NA,NA,NA,NA,NA,NA,NA,NA,NA,NA,0,12,24,33,35,56,44,25,28,15,2,0,NA,NA,NA,NA,NA,NA,NA,NA,NA,NA,NA,NA,0,10,17,17,23,39,24,16,26,8,1,0,NA,NA,NA,NA,NA,NA,NA,NA,NA,NA,NA,NA,0,3,12,26,29,44,34,18,21,9,0,0,NA,NA,NA,NA,NA,NA,NA,NA,NA,NA,NA,NA,0,7,16,25,24,38,21,14,18,6,1,0,NA,NA,NA,NA,NA,NA,NA,NA,NA,NA,NA,NA,0,5,15,30,41,58,43,24,27,12,1,0,NA,NA,NA,NA,NA,NA,NA,NA,NA,NA,NA,NA,0,0,0,0,0,0,0,0,0,0,0,0,NA,NA,NA,NA,NA,1,1,1,1,1,1,1,1,NA
San Diego,3960 Normal Street, San Diego, CA,92103,NA,NA,NA,NA,NA,NA,NA,NA,NA,NA,NA,NA,NA,NA,NA,NA,NA,NA,NA,NA,NA,NA,NA,NA,NA,NA,NA,NA,NA,NA,NA,0,17,42,59,62,45,58,57,47,21,3,0,NA,NA,NA,NA,NA,NA,NA,NA,NA,NA,NA,NA,0,21,41,57,64,44,45,54,59,26,2,0,NA,NA,NA,NA,NA,NA,NA,NA,NA,NA,NA,NA,1,5,18,32,35,33,40,34,30,13,0,0,NA,NA,NA,NA,NA,NA,NA,NA,NA,NA,NA,NA,1,17,28,48,50,35,42,29,35,18,1,0,NA,NA,NA,NA,NA,NA,NA,NA,NA,NA,NA,NA,0,16,31,49,45,30,48,49,32,26,0,0,NA,NA,NA,NA,NA,NA,NA,NA,NA,NA,NA,NA,0,0,0,0,0,0,0,0,0,0,0,0,NA,NA,NA,NA,NA,1,1,1,1,1,1,1,1,NA
San Diego Clairemont,4375 Derrick Drive, San Diego, CA,92117,NA,NA,NA,NA,NA,NA,NA,NA,NA,NA,NA,NA,NA,NA,NA,NA,NA,NA,NA,NA,NA,NA,NA,NA,NA,NA,NA,NA,NA,NA,NA,0,21,45,63,77,76,58,63,66,54,0,0,NA,NA,NA,NA,NA,NA,NA,NA,NA,NA,NA,NA,0,21,46,52,51,49,45,51,53,28,0,0,NA,NA,NA,NA,NA,NA,NA,NA,NA,NA,NA,NA,0,6,11,31,43,48,46,44,38,20,0,0,NA,NA,NA,NA,NA,NA,NA,NA,NA,NA,NA,NA,0,13,27,37,40,42,24,28,37,21,0,0,NA,NA,NA,NA,NA,NA,NA,NA,NA,NA,NA,NA,0,15,32,54,70,78,71,47,55,41,0,0,NA,NA,NA,NA,NA,NA,NA,NA,NA,NA,NA,NA,0,0,0,0,0,0,0,0,0,0,0,0,NA,NA,NA,NA,NA,1,1,1,1,1,1,1,1,NA
Chula Vista,30 N Glover Avenue, Chula Vista, CA,91910,NA,NA,NA,NA,NA,NA,NA,NA,NA,NA,NA,NA,NA,NA,NA,NA,NA,NA,NA,NA,NA,NA,NA,NA,NA,NA,NA,NA,NA,NA,NA,0,15,22,28,27,27,33,20,19,10,2,0,NA,NA,NA,NA,NA,NA,NA,NA,NA,NA,NA,NA,0,16,25,29,33,32,28,19,20,9,1,0,NA,NA,NA,NA,NA,NA,NA,NA,NA,NA,NA,NA,0,3,10,16,18,18,18,18,16,7,1,0,NA,NA,NA,NA,NA,NA,NA,NA,NA,NA,NA,NA,0,12,21,22,18,19,21,14,16,5,0,0,NA,NA,NA,NA,NA,NA,NA,NA,NA,NA,NA,NA,0,12,16,19,15,18,21,23,20,8,0,0,NA,NA,NA,NA,NA,NA,NA,NA,NA,NA,NA,NA,0,0,0,0,0,0,0,0,0,0,0,0,NA,NA,NA,NA,NA,1,1,1,1,1,1,1,1,NA
San Ysidro,6111 Business Center Court, San Diego, CA,92154,NA,NA,NA,NA,NA,NA,NA,NA,NA,NA,NA,NA,NA,NA,NA,NA,NA,NA,NA,NA,NA,NA,NA,NA,NA,NA,NA,NA,NA,NA,NA,0,11,21,27,35,33,24,20,20,5,0,0,NA,NA,NA,NA,NA,NA,NA,NA,NA,NA,NA,NA,0,9,21,26,24,23,26,22,25,10,0,0,NA,NA,NA,NA,NA,NA,NA,NA,NA,NA,NA,NA,0,3,9,15,17,24,20,12,12,5,0,0,NA,NA,NA,NA,NA,NA,NA,NA,NA,NA,NA,NA,0,8,20,21,19,21,20,16,19,7,0,0,NA,NA,NA,NA,NA,NA,NA,NA,NA,NA,NA,NA,0,10,20,21,23,26,20,13,15,7,0,0,NA,NA,NA,NA,NA,NA,NA,NA,NA,NA,NA,NA,0,0,0,0,0,0,0,0,0,0,0,0,NA,NA,NA,NA,NA,1,1,1,1,1,1,1,1,NA
Rancho San Diego Industry Business Center,1901 Jamacha Road, El Cajon, CA,92019,NA,NA,NA,NA,NA,NA,NA,NA,NA,NA,NA,NA,NA,NA,NA,NA,NA,NA,NA,NA,NA,NA,NA,NA,NA,NA,NA,NA,NA,NA,NA,NA,NA,NA,NA,NA,NA,NA,NA,NA,NA,NA,NA,NA,NA,NA,NA,NA,NA,NA,NA,NA,NA,NA,NA,NA,NA,NA,NA,NA,NA,NA,NA,NA,NA,NA,NA,NA,NA,NA,NA,NA,NA,NA,NA,NA,NA,NA,NA,NA,NA,NA,NA,NA,NA,NA,NA,NA,NA,NA,NA,NA,NA,NA,NA,NA,NA,NA,NA,NA,NA,NA,NA,NA,NA,NA,NA,NA,NA,NA,NA,NA,NA,NA,NA,NA,NA,NA,NA,NA,NA,NA,NA,NA,NA,NA,NA,NA,NA,NA,NA,NA,NA,NA,NA,NA,NA,NA,NA,NA,NA,NA,NA,NA,NA,NA,NA,NA,NA,NA,NA,NA,NA,NA,NA,NA,NA,NA,NA,NA,NA,NA,NA,NA,NA,NA,NA,NA,NA,NA,NA,NA,1,1,NA,1,NA
Temecula,27851 Diaz Road, Temecula, CA,92590,NA,NA,NA,NA,NA,NA,NA,NA,NA,NA,NA,NA,NA,NA,NA,NA,NA,NA,NA,NA,NA,NA,NA,NA,NA,NA,NA,NA,NA,NA,NA,1,23,42,72,83,90,103,88,95,49,0,0,NA,NA,NA,NA,NA,NA,NA,NA,NA,NA,NA,NA,1,19,32,54,71,83,94,93,88,43,0,0,NA,NA,NA,NA,NA,NA,NA,NA,NA,NA,NA,NA,1,11,29,51,51,51,63,51,53,19,0,0,NA,NA,NA,NA,NA,NA,NA,NA,NA,NA,NA,NA,1,16,28,39,36,44,52,46,52,26,0,0,NA,NA,NA,NA,NA,NA,NA,NA,NA,NA,NA,NA,1,16,38,66,67,67,79,89,89,20,1,0,NA,NA,NA,NA,NA,NA,NA,NA,NA,NA,NA,NA,0,0,0,0,0,0,0,0,0,0,0,0,NA,NA,NA,NA,NA,1,1,1,1,1,1,1,1,NA
Riverside East,6425 Sycamore Canyon Blvd, Riverside, CA,92507,NA,NA,NA,NA,NA,NA,NA,NA,NA,NA,NA,NA,NA,NA,NA,NA,NA,NA,NA,NA,NA,NA,NA,NA,NA,NA,NA,NA,NA,NA,NA,1,14,14,13,9,14,12,7,8,5,0,0,NA,NA,NA,NA,NA,NA,NA,NA,NA,NA,NA,NA,1,11,4,4,5,7,10,6,5,5,0,0,NA,NA,NA,NA,NA,NA,NA,NA,NA,NA,NA,NA,0,5,3,2,5,6,5,2,5,2,0,0,NA,NA,NA,NA,NA,NA,NA,NA,NA,NA,NA,NA,0,8,2,2,5,10,11,7,7,3,0,0,NA,NA,NA,NA,NA,NA,NA,NA,NA,NA,NA,NA,1,11,7,4,5,11,10,4,6,4,0,0,NA,NA,NA,NA,NA,NA,NA,NA,NA,NA,NA,NA,0,0,0,0,0,0,0,0,0,0,0,0,NA,NA,NA,NA,NA,1,1,1,1,1,1,1,1,NA
Riverside,6280 Brockton Avenue, Riverside, CA,92506,NA,NA,NA,NA,NA,NA,NA,NA,NA,NA,NA,NA,NA,NA,NA,NA,NA,NA,NA,NA,NA,NA,NA,NA,NA,NA,NA,NA,NA,NA,NA,0,8,32,55,54,49,54,58,57,29,3,0,NA,NA,NA,NA,NA,NA,NA,NA,NA,NA,NA,NA,0,8,24,25,27,33,34,41,45,26,2,0,NA,NA,NA,NA,NA,NA,NA,NA,NA,NA,NA,NA,0,7,15,26,28,36,40,47,30,26,4,0,NA,NA,NA,NA,NA,NA,NA,NA,NA,NA,NA,NA,0,9,28,44,24,31,26,28,35,39,7,0,NA,NA,NA,NA,NA,NA,NA,NA,NA,NA,NA,NA,0,7,31,47,27,41,40,41,51,30,9,0,NA,NA,NA,NA,NA,NA,NA,NA,NA,NA,NA,NA,0,0,0,0,0,0,0,0,0,0,0,0,NA,NA,NA,NA,NA,1,1,1,1,1,1,1,1,NA
Norco,3201 Horseless Carriage Drive, Norco, CA,92860,NA,NA,NA,NA,NA,NA,NA,NA,NA,NA,NA,NA,NA,NA,NA,NA,NA,NA,NA,NA,NA,NA,NA,NA,NA,NA,NA,NA,NA,NA,NA,0,20,42,54,51,55,36,33,34,16,0,0,NA,NA,NA,NA,NA,NA,NA,NA,NA,NA,NA,NA,0,20,38,38,31,38,29,29,23,11,0,0,NA,NA,NA,NA,NA,NA,NA,NA,NA,NA,NA,NA,0,6,19,23,25,30,22,22,18,13,0,0,NA,NA,NA,NA,NA,NA,NA,NA,NA,NA,NA,NA,0,16,22,21,24,23,19,19,28,10,0,0,NA,NA,NA,NA,NA,NA,NA,NA,NA,NA,NA,NA,0,16,35,37,22,20,20,29,30,12,0,0,NA,NA,NA,NA,NA,NA,NA,NA,NA,NA,NA,NA,0,0,0,0,0,0,0,0,0,0,0,0,NA,NA,NA,NA,NA,1,1,1,1,1,1,1,1,NA
Long Beach,3700 East Willow Street, Long Beach, CA,90815,NA,NA,NA,NA,NA,NA,NA,NA,NA,NA,NA,NA,NA,NA,NA,NA,NA,NA,NA,NA,NA,NA,NA,NA,NA,NA,NA,NA,NA,NA,NA,0,17,29,18,21,35,32,39,39,30,1,0,NA,NA,NA,NA,NA,NA,NA,NA,NA,NA,NA,NA,0,19,38,29,25,25,26,38,36,32,3,0,NA,NA,NA,NA,NA,NA,NA,NA,NA,NA,NA,NA,0,9,22,26,27,29,15,26,20,20,1,0,NA,NA,NA,NA,NA,NA,NA,NA,NA,NA,NA,NA,0,10,14,14,11,8,14,39,30,21,1,0,NA,NA,NA,NA,NA,NA,NA,NA,NA,NA,NA,NA,0,12,29,25,21,22,24,30,28,26,5,0,NA,NA,NA,NA,NA,NA,NA,NA,NA,NA,NA,NA,0,0,0,0,0,0,0,0,0,0,0,0,NA,NA,NA,NA,NA,1,1,1,1,1,1,1,1,NA
Bellflower,9520 Artesia Blvd, Bellflower, CA,90706,NA,NA,NA,NA,NA,NA,NA,NA,NA,NA,NA,NA,NA,NA,NA,NA,NA,NA,NA,NA,NA,NA,NA,NA,NA,NA,NA,NA,NA,NA,NA,0,17,42,41,42,39,33,31,39,21,2,0,NA,NA,NA,NA,NA,NA,NA,NA,NA,NA,NA,NA,0,17,43,53,44,49,37,34,42,35,9,0,NA,NA,NA,NA,NA,NA,NA,NA,NA,NA,NA,NA,0,10,31,36,35,31,28,30,36,28,0,0,NA,NA,NA,NA,NA,NA,NA,NA,NA,NA,NA,NA,0,14,36,56,55,59,61,39,43,22,0,0,NA,NA,NA,NA,NA,NA,NA,NA,NA,NA,NA,NA,0,15,32,39,36,38,36,28,32,22,0,0,NA,NA,NA,NA,NA,NA,NA,NA,NA,NA,NA,NA,0,0,0,0,0,0,0,0,0,0,0,0,NA,NA,NA,NA,NA,1,1,1,1,1,1,1,1,NA
Compton,2111 South Santa Fe Avenue, Compton, CA,90221,NA,NA,NA,NA,NA,NA,NA,NA,NA,NA,NA,NA,NA,NA,NA,NA,NA,NA,NA,NA,NA,NA,NA,NA,NA,NA,NA,NA,NA,NA,NA,0,12,28,35,48,54,58,66,71,58,9,0,NA,NA,NA,NA,NA,NA,NA,NA,NA,NA,NA,NA,0,13,30,47,54,58,50,39,46,39,8,0,NA,NA,NA,NA,NA,NA,NA,NA,NA,NA,NA,NA,0,6,9,12,19,30,21,17,12,4,1,0,NA,NA,NA,NA,NA,NA,NA,NA,NA,NA,NA,NA,0,10,16,21,26,29,24,26,31,27,3,0,NA,NA,NA,NA,NA,NA,NA,NA,NA,NA,NA,NA,0,10,24,33,42,34,35,37,46,34,14,0,NA,NA,NA,NA,NA,NA,NA,NA,NA,NA,NA,NA,0,0,0,0,0,0,0,0,0,0,0,0,NA,NA,NA,NA,NA,1,1,1,1,1,1,1,1,NA
Torrance,1785 W 220th Street, Torrance, CA,90501,NA,NA,NA,NA,NA,NA,NA,NA,NA,NA,NA,NA,NA,NA,NA,NA,NA,NA,NA,NA,NA,NA,NA,NA,NA,NA,NA,NA,NA,NA,NA,0,5,8,25,29,29,28,25,32,15,0,0,NA,NA,NA,NA,NA,NA,NA,NA,NA,NA,NA,NA,0,5,13,37,28,30,32,27,32,19,0,0,NA,NA,NA,NA,NA,NA,NA,NA,NA,NA,NA,NA,0,4,11,22,18,11,25,22,20,9,0,0,NA,NA,NA,NA,NA,NA,NA,NA,NA,NA,NA,NA,0,3,9,27,26,28,30,26,24,10,1,0,NA,NA,NA,NA,NA,NA,NA,NA,NA,NA,NA,NA,0,3,8,14,16,27,30,26,20,13,1,0,NA,NA,NA,NA,NA,NA,NA,NA,NA,NA,NA,NA,0,0,0,0,0,0,0,0,0,0,0,0,NA,NA,NA,NA,NA,1,1,1,1,1,1,1,1,NA
San Pedro,1511 N Gaffey Street, San Pedro, CA,90731,NA,NA,NA,NA,NA,NA,NA,NA,NA,NA,NA,NA,NA,NA,NA,NA,NA,NA,NA,NA,NA,NA,NA,NA,NA,NA,NA,NA,NA,NA,NA,0,9,18,28,34,35,30,25,31,22,0,0,NA,NA,NA,NA,NA,NA,NA,NA,NA,NA,NA,NA,0,8,12,18,26,26,26,23,24,10,0,0,NA,NA,NA,NA,NA,NA,NA,NA,NA,NA,NA,NA,0,4,7,13,15,24,28,18,20,7,0,0,NA,NA,NA,NA,NA,NA,NA,NA,NA,NA,NA,NA,0,7,14,15,15,19,10,12,7,2,0,0,NA,NA,NA,NA,NA,NA,NA,NA,NA,NA,NA,NA,0,11,21,25,20,15,13,10,13,10,0,0,NA,NA,NA,NA,NA,NA,NA,NA,NA,NA,NA,NA,0,0,0,0,0,0,0,0,0,0,0,0,NA,NA,NA,NA,NA,1,1,1,1,1,1,1,1,NA
Hawthorne,3700 W El Segundo Boulevard, Hawthorne, CA,90250,NA,NA,NA,NA,NA,NA,NA,NA,NA,NA,NA,NA,NA,NA,NA,NA,NA,NA,NA,NA,NA,NA,NA,NA,NA,NA,NA,NA,NA,NA,NA,0,11,41,70,43,24,23,22,39,28,0,0,NA,NA,NA,NA,NA,NA,NA,NA,NA,NA,NA,NA,0,15,31,44,33,25,35,32,38,14,0,0,NA,NA,NA,NA,NA,NA,NA,NA,NA,NA,NA,NA,0,6,19,33,28,20,13,24,36,10,0,0,NA,NA,NA,NA,NA,NA,NA,NA,NA,NA,NA,NA,0,9,19,31,33,10,12,15,23,24,5,0,NA,NA,NA,NA,NA,NA,NA,NA,NA,NA,NA,NA,0,13,23,34,25,18,18,18,18,12,2,0,NA,NA,NA,NA,NA,NA,NA,NA,NA,NA,NA,NA,0,0,0,0,0,0,0,0,0,0,0,0,NA,NA,NA,NA,NA,1,1,1,1,1,1,1,1,NA
Inglewood,621 N La Brea Ave, Inglewood, CA,90302,NA,NA,NA,NA,NA,NA,NA,NA,NA,NA,NA,NA,NA,NA,NA,NA,NA,NA,NA,NA,NA,NA,NA,NA,NA,NA,NA,NA,NA,NA,NA,0,4,10,11,8,11,9,10,10,4,7,0,NA,NA,NA,NA,NA,NA,NA,NA,NA,NA,NA,NA,0,4,8,6,6,4,13,10,14,4,0,0,NA,NA,NA,NA,NA,NA,NA,NA,NA,NA,NA,NA,0,2,9,6,6,8,5,8,9,3,0,0,NA,NA,NA,NA,NA,NA,NA,NA,NA,NA,NA,NA,0,4,9,11,8,14,10,7,6,3,0,0,NA,NA,NA,NA,NA,NA,NA,NA,NA,NA,NA,NA,0,4,7,11,7,9,11,10,17,6,5,5,NA,NA,NA,NA,NA,NA,NA,NA,NA,NA,NA,NA,0,0,0,0,0,0,0,0,0,0,0,0,NA,NA,NA,NA,NA,1,1,1,1,1,1,1,1,NA
Culver City,11400 W Washington Blvd, Culver City, CA,90066,NA,NA,NA,NA,NA,NA,NA,NA,NA,NA,NA,NA,NA,NA,NA,NA,NA,NA,NA,NA,NA,NA,NA,NA,NA,NA,NA,NA,NA,NA,NA,0,14,29,32,37,34,26,27,32,26,1,0,NA,NA,NA,NA,NA,NA,NA,NA,NA,NA,NA,NA,0,16,45,57,59,52,41,37,27,23,0,0,NA,NA,NA,NA,NA,NA,NA,NA,NA,NA,NA,NA,0,6,17,27,26,23,27,27,26,21,0,0,NA,NA,NA,NA,NA,NA,NA,NA,NA,NA,NA,NA,0,12,33,36,42,32,17,29,31,13,1,0,NA,NA,NA,NA,NA,NA,NA,NA,NA,NA,NA,NA,0,11,23,31,37,37,26,20,17,13,1,0,NA,NA,NA,NA,NA,NA,NA,NA,NA,NA,NA,NA,0,0,0,0,0,0,0,0,0,0,0,0,NA,NA,NA,NA,NA,1,1,1,1,1,1,1,1,NA
Santa Monica,2235 Colorado Avenue, Santa Monica, CA,90404,NA,NA,NA,NA,NA,NA,NA,NA,NA,NA,NA,NA,NA,NA,NA,NA,NA,NA,NA,NA,NA,NA,NA,NA,NA,NA,NA,NA,NA,NA,NA,0,10,26,47,29,22,20,21,28,25,3,0,NA,NA,NA,NA,NA,NA,NA,NA,NA,NA,NA,NA,0,8,26,44,31,23,24,21,38,21,3,0,NA,NA,NA,NA,NA,NA,NA,NA,NA,NA,NA,NA,0,5,15,25,17,13,13,14,23,9,0,0,NA,NA,NA,NA,NA,NA,NA,NA,NA,NA,NA,NA,0,8,13,17,13,16,11,14,20,9,2,0,NA,NA,NA,NA,NA,NA,NA,NA,NA,NA,NA,NA,0,7,16,23,18,17,10,12,19,11,1,0,NA,NA,NA,NA,NA,NA,NA,NA,NA,NA,NA,NA,0,0,0,0,0,0,0,0,0,0,0,0,NA,NA,NA,NA,NA,1,1,1,1,1,1,1,1,NA
Van Nuys,14920 Vanowen Street, Van Nuys, CA,91405,NA,NA,NA,NA,NA,NA,NA,NA,NA,NA,NA,NA,NA,NA,NA,NA,NA,NA,NA,NA,NA,NA,NA,NA,NA,NA,NA,NA,NA,NA,NA,0,15,32,53,34,39,41,37,47,20,7,0,NA,NA,NA,NA,NA,NA,NA,NA,NA,NA,NA,NA,0,12,27,35,33,41,38,25,33,16,7,0,NA,NA,NA,NA,NA,NA,NA,NA,NA,NA,NA,NA,0,6,24,31,31,33,27,28,24,14,4,0,NA,NA,NA,NA,NA,NA,NA,NA,NA,NA,NA,NA,0,10,22,26,21,28,30,21,24,13,3,0,NA,NA,NA,NA,NA,NA,NA,NA,NA,NA,NA,NA,0,10,21,31,25,28,25,21,25,9,6,0,NA,NA,NA,NA,NA,NA,NA,NA,NA,NA,NA,NA,0,0,0,0,0,0,0,0,0,0,0,0,NA,NA,NA,NA,NA,1,1,1,1,1,1,1,1,NA
Pacoima Driver License Processing Center (DL Only),11623 Glenoaks Blvd, Pacoima, CA,91331,NA,NA,NA,NA,NA,NA,NA,NA,NA,NA,NA,NA,NA,NA,NA,NA,NA,NA,NA,NA,NA,NA,NA,NA,NA,NA,NA,NA,NA,NA,NA,0,13,18,18,25,23,25,24,21,9,0,0,NA,NA,NA,NA,NA,NA,NA,NA,NA,NA,NA,NA,0,11,15,17,20,19,16,20,20,8,0,0,NA,NA,NA,NA,NA,NA,NA,NA,NA,NA,NA,NA,0,4,9,14,19,19,25,19,16,9,0,0,NA,NA,NA,NA,NA,NA,NA,NA,NA,NA,NA,NA,0,8,15,18,21,16,17,18,17,6,0,0,NA,NA,NA,NA,NA,NA,NA,NA,NA,NA,NA,NA,0,12,14,20,12,11,17,24,14,5,0,0,NA,NA,NA,NA,NA,NA,NA,NA,NA,NA,NA,NA,0,0,0,0,0,0,0,0,0,0,0,0,NA,NA,NA,NA,NA,NA,1,NA,NA,1,1,NA,1,NA
Arleta,14400 Van Nuys Blvd, Arleta, CA,91331,NA,NA,NA,NA,NA,NA,NA,NA,NA,NA,NA,NA,NA,NA,NA,NA,NA,NA,NA,NA,NA,NA,NA,NA,NA,NA,NA,NA,NA,NA,NA,0,15,26,40,37,45,47,36,40,23,2,0,NA,NA,NA,NA,NA,NA,NA,NA,NA,NA,NA,NA,0,15,32,42,32,41,23,26,45,26,7,0,NA,NA,NA,NA,NA,NA,NA,NA,NA,NA,NA,NA,0,7,16,27,21,27,31,32,36,8,0,0,NA,NA,NA,NA,NA,NA,NA,NA,NA,NA,NA,NA,0,11,19,32,20,20,18,12,23,19,5,0,NA,NA,NA,NA,NA,NA,NA,NA,NA,NA,NA,NA,0,11,19,36,27,15,25,32,40,22,2,0,NA,NA,NA,NA,NA,NA,NA,NA,NA,NA,NA,NA,0,0,0,0,0,0,0,0,0,0,0,0,NA,NA,NA,NA,NA,1,NA,1,1,1,1,1,1,NA
Winnetka,20725 Sherman Way, Winnetka, CA,91306,NA,NA,NA,NA,NA,NA,NA,NA,NA,NA,NA,NA,NA,NA,NA,NA,NA,NA,NA,NA,NA,NA,NA,NA,NA,NA,NA,NA,NA,NA,NA,0,16,46,63,67,55,49,56,38,29,5,0,NA,NA,NA,NA,NA,NA,NA,NA,NA,NA,NA,NA,0,14,36,47,47,45,48,47,35,19,2,0,NA,NA,NA,NA,NA,NA,NA,NA,NA,NA,NA,NA,0,4,13,27,40,39,42,39,20,6,1,0,NA,NA,NA,NA,NA,NA,NA,NA,NA,NA,NA,NA,0,8,24,21,18,18,16,19,21,9,2,0,NA,NA,NA,NA,NA,NA,NA,NA,NA,NA,NA,NA,0,10,20,30,30,29,36,35,25,11,3,0,NA,NA,NA,NA,NA,NA,NA,NA,NA,NA,NA,NA,0,0,0,0,0,0,0,0,0,0,0,0,NA,NA,NA,NA,NA,1,1,1,1,1,1,1,1,NA
Simi Valley,3855 D - Alamo Street, Simi Valley, CA,93063,NA,NA,NA,NA,NA,NA,NA,NA,NA,NA,NA,NA,NA,NA,NA,NA,NA,NA,NA,NA,NA,NA,NA,NA,NA,NA,NA,NA,NA,NA,NA,0,11,35,44,33,28,21,31,32,23,1,0,NA,NA,NA,NA,NA,NA,NA,NA,NA,NA,NA,NA,0,17,35,41,29,33,31,32,33,18,0,0,NA,NA,NA,NA,NA,NA,NA,NA,NA,NA,NA,NA,0,6,17,23,22,17,22,24,28,18,0,0,NA,NA,NA,NA,NA,NA,NA,NA,NA,NA,NA,NA,0,10,28,28,20,26,27,31,32,11,0,0,NA,NA,NA,NA,NA,NA,NA,NA,NA,NA,NA,NA,0,9,21,37,34,33,31,22,39,16,0,0,NA,NA,NA,NA,NA,NA,NA,NA,NA,NA,NA,NA,0,0,0,0,0,0,0,0,0,0,0,0,NA,NA,NA,NA,NA,1,1,1,1,1,1,1,1,NA
Thousand Oaks,1810 E Avenida De Los Arboles, Thousand Oaks, CA,91362,NA,NA,NA,NA,NA,NA,NA,NA,NA,NA,NA,NA,NA,NA,NA,NA,NA,NA,NA,NA,NA,NA,NA,NA,NA,NA,NA,NA,NA,NA,NA,0,12,29,25,20,37,31,25,26,12,1,0,NA,NA,NA,NA,NA,NA,NA,NA,NA,NA,NA,NA,0,11,36,47,16,34,21,28,28,13,3,0,NA,NA,NA,NA,NA,NA,NA,NA,NA,NA,NA,NA,0,4,14,36,30,19,30,20,19,13,2,0,NA,NA,NA,NA,NA,NA,NA,NA,NA,NA,NA,NA,0,9,18,20,16,19,18,14,16,12,1,0,NA,NA,NA,NA,NA,NA,NA,NA,NA,NA,NA,NA,0,11,30,31,19,25,21,20,20,11,0,0,NA,NA,NA,NA,NA,NA,NA,NA,NA,NA,NA,NA,0,0,0,0,0,0,0,0,0,0,0,0,NA,NA,NA,NA,NA,1,1,1,1,1,1,1,1,NA
Oxnard,4050 Saviers Road, Oxnard, CA,93033,NA,NA,NA,NA,NA,NA,NA,NA,NA,NA,NA,NA,NA,NA,NA,NA,NA,NA,NA,NA,NA,NA,NA,NA,NA,NA,NA,NA,NA,NA,NA,0,13,26,40,30,33,40,35,31,16,0,0,NA,NA,NA,NA,NA,NA,NA,NA,NA,NA,NA,NA,0,11,29,51,45,44,32,23,30,18,5,0,NA,NA,NA,NA,NA,NA,NA,NA,NA,NA,NA,NA,0,6,13,15,13,19,21,20,16,15,0,0,NA,NA,NA,NA,NA,NA,NA,NA,NA,NA,NA,NA,0,12,20,21,14,15,17,24,23,11,0,0,NA,NA,NA,NA,NA,NA,NA,NA,NA,NA,NA,NA,0,9,19,30,25,23,18,10,14,11,1,0,NA,NA,NA,NA,NA,NA,NA,NA,NA,NA,NA,NA,0,0,0,0,0,0,0,0,0,0,0,0,NA,NA,NA,NA,NA,1,1,1,1,1,1,1,1,NA
Ventura,4260 Market Street, Ventura, CA,93003,NA,NA,NA,NA,NA,NA,NA,NA,NA,NA,NA,NA,NA,NA,NA,NA,NA,NA,NA,NA,NA,NA,NA,NA,NA,NA,NA,NA,NA,NA,NA,0,11,23,25,18,25,22,23,27,10,0,0,NA,NA,NA,NA,NA,NA,NA,NA,NA,NA,NA,NA,0,11,11,9,16,32,22,11,13,4,0,0,NA,NA,NA,NA,NA,NA,NA,NA,NA,NA,NA,NA,0,4,6,12,11,13,15,8,4,4,0,0,NA,NA,NA,NA,NA,NA,NA,NA,NA,NA,NA,NA,0,9,18,23,15,25,30,24,24,15,0,0,NA,NA,NA,NA,NA,NA,NA,NA,NA,NA,NA,NA,0,8,13,19,18,16,18,25,19,13,0,0,NA,NA,NA,NA,NA,NA,NA,NA,NA,NA,NA,NA,0,0,0,0,0,0,0,0,0,0,0,0,NA,NA,NA,NA,NA,1,1,1,1,1,1,1,1,NA
Santa Paula,250 W Harvard Boulevard A, Santa Paula, CA,93060,NA,NA,NA,NA,NA,NA,NA,NA,NA,NA,NA,NA,NA,NA,NA,NA,NA,NA,NA,NA,NA,NA,NA,NA,NA,NA,NA,NA,NA,NA,NA,1,13,42,40,22,30,27,27,36,12,0,0,NA,NA,NA,NA,NA,NA,NA,NA,NA,NA,NA,NA,1,18,35,31,24,18,22,17,15,14,0,0,NA,NA,NA,NA,NA,NA,NA,NA,NA,NA,NA,NA,0,4,14,30,17,21,20,20,9,5,0,0,NA,NA,NA,NA,NA,NA,NA,NA,NA,NA,NA,NA,0,8,24,36,24,15,22,24,24,11,0,0,NA,NA,NA,NA,NA,NA,NA,NA,NA,NA,NA,NA,1,9,15,34,32,24,17,19,20,10,0,0,NA,NA,NA,NA,NA,NA,NA,NA,NA,NA,NA,NA,0,0,0,0,0,0,0,0,0,0,0,0,NA,NA,NA,NA,NA,1,1,1,1,1,1,1,1,NA
Santa Barbara,535 Castillo Street, Santa Barbara, CA,93101,NA,NA,NA,NA,NA,NA,NA,NA,NA,NA,NA,NA,NA,NA,NA,NA,NA,NA,NA,NA,NA,NA,NA,NA,NA,NA,NA,NA,NA,NA,NA,0,13,23,17,19,26,18,18,24,15,1,0,NA,NA,NA,NA,NA,NA,NA,NA,NA,NA,NA,NA,0,11,17,26,11,15,23,19,18,6,0,0,NA,NA,NA,NA,NA,NA,NA,NA,NA,NA,NA,NA,0,2,7,17,14,17,15,17,18,11,0,0,NA,NA,NA,NA,NA,NA,NA,NA,NA,NA,NA,NA,0,9,24,23,18,16,18,7,15,10,2,0,NA,NA,NA,NA,NA,NA,NA,NA,NA,NA,NA,NA,0,13,18,16,17,34,33,22,19,5,1,0,NA,NA,NA,NA,NA,NA,NA,NA,NA,NA,NA,NA,0,0,0,0,0,0,0,0,0,0,0,0,NA,NA,NA,NA,NA,1,1,1,1,1,1,1,1,NA
Goleta,7127 Hollister Avenue Suite 24/26, Goleta, CA,93117,NA,NA,NA,NA,NA,NA,NA,NA,NA,NA,NA,NA,NA,NA,NA,NA,NA,NA,NA,NA,NA,NA,NA,NA,NA,NA,NA,NA,NA,NA,NA,0,10,20,12,20,20,16,16,22,21,0,0,NA,NA,NA,NA,NA,NA,NA,NA,NA,NA,NA,NA,0,12,22,26,29,31,35,23,30,18,2,0,NA,NA,NA,NA,NA,NA,NA,NA,NA,NA,NA,NA,0,5,17,26,26,23,22,21,21,14,2,0,NA,NA,NA,NA,NA,NA,NA,NA,NA,NA,NA,NA,0,9,22,27,15,14,20,13,13,11,0,0,NA,NA,NA,NA,NA,NA,NA,NA,NA,NA,NA,NA,0,9,16,23,18,18,16,17,25,12,2,0,NA,NA,NA,NA,NA,NA,NA,NA,NA,NA,NA,NA,0,0,0,0,0,0,0,0,0,0,0,0,NA,NA,NA,NA,NA,1,1,1,1,1,1,1,1,NA
Santa Maria,523 S McClelland Street, Santa Maria, CA,93454,NA,NA,NA,NA,NA,NA,NA,NA,NA,NA,NA,NA,NA,NA,NA,NA,NA,NA,NA,NA,NA,NA,NA,NA,NA,NA,NA,NA,NA,NA,NA,0,18,44,47,56,40,32,31,37,21,0,0,NA,NA,NA,NA,NA,NA,NA,NA,NA,NA,NA,NA,0,18,43,44,34,39,38,37,33,14,0,0,NA,NA,NA,NA,NA,NA,NA,NA,NA,NA,NA,NA,0,10,28,27,20,17,25,23,28,13,0,0,NA,NA,NA,NA,NA,NA,NA,NA,NA,NA,NA,NA,0,11,29,23,14,19,16,20,22,10,0,0,NA,NA,NA,NA,NA,NA,NA,NA,NA,NA,NA,NA,0,12,26,32,25,18,20,22,26,12,0,0,NA,NA,NA,NA,NA,NA,NA,NA,NA,NA,NA,NA,0,0,0,0,0,0,0,0,0,0,0,0,NA,NA,NA,NA,NA,1,1,1,1,1,1,1,1,NA
Lompoc,1601 N H St, Lompoc, CA,93436,NA,NA,NA,NA,NA,NA,NA,NA,NA,NA,NA,NA,NA,NA,NA,NA,NA,NA,NA,NA,NA,NA,NA,NA,NA,NA,NA,NA,NA,NA,NA,0,12,34,40,39,40,53,23,17,7,1,0,NA,NA,NA,NA,NA,NA,NA,NA,NA,NA,NA,NA,0,6,16,21,23,16,18,12,15,4,0,0,NA,NA,NA,NA,NA,NA,NA,NA,NA,NA,NA,NA,0,7,17,30,25,25,29,19,13,4,0,0,NA,NA,NA,NA,NA,NA,NA,NA,NA,NA,NA,NA,0,3,9,18,14,13,9,4,9,7,0,0,NA,NA,NA,NA,NA,NA,NA,NA,NA,NA,NA,NA,0,6,12,22,19,30,33,15,12,7,1,0,NA,NA,NA,NA,NA,NA,NA,NA,NA,NA,NA,NA,0,0,0,0,0,0,0,0,0,0,0,0,NA,NA,NA,NA,NA,1,1,1,1,1,1,1,1,NA
San Luis Obispo,3190 S Higuera Street, San Luis Obispo, CA,93401,NA,NA,NA,NA,NA,NA,NA,NA,NA,NA,NA,NA,NA,NA,NA,NA,NA,NA,NA,NA,NA,NA,NA,NA,NA,NA,NA,NA,NA,NA,NA,0,4,7,8,9,10,9,4,4,3,2,0,NA,NA,NA,NA,NA,NA,NA,NA,NA,NA,NA,NA,0,6,8,7,6,6,5,5,5,3,3,0,NA,NA,NA,NA,NA,NA,NA,NA,NA,NA,NA,NA,0,2,7,8,6,8,9,8,6,3,1,0,NA,NA,NA,NA,NA,NA,NA,NA,NA,NA,NA,NA,0,4,3,4,6,7,4,4,4,2,1,0,NA,NA,NA,NA,NA,NA,NA,NA,NA,NA,NA,NA,0,7,9,10,10,11,9,10,8,7,1,0,NA,NA,NA,NA,NA,NA,NA,NA,NA,NA,NA,NA,0,0,0,0,0,0,0,0,0,0,0,0,NA,NA,NA,NA,NA,1,1,1,1,1,1,1,1,NA
Paso Robles,841 Park Street, Paso Robles, CA,93446,NA,NA,NA,NA,NA,NA,NA,NA,NA,NA,NA,NA,NA,NA,NA,NA,NA,NA,NA,NA,NA,NA,NA,NA,NA,NA,NA,NA,NA,NA,NA,0,12,35,44,47,37,36,33,21,8,0,0,NA,NA,NA,NA,NA,NA,NA,NA,NA,NA,NA,NA,0,13,24,28,31,24,28,23,21,10,0,0,NA,NA,NA,NA,NA,NA,NA,NA,NA,NA,NA,NA,0,3,15,23,21,16,19,14,9,4,0,0,NA,NA,NA,NA,NA,NA,NA,NA,NA,NA,NA,NA,0,9,19,23,15,20,25,24,13,4,0,0,NA,NA,NA,NA,NA,NA,NA,NA,NA,NA,NA,NA,0,8,17,14,10,14,14,7,13,6,1,0,NA,NA,NA,NA,NA,NA,NA,NA,NA,NA,NA,NA,0,0,0,0,0,0,0,0,0,0,0,0,NA,NA,NA,NA,NA,1,1,1,1,1,1,1,1,NA
Newhall,24427 Newhall Avenue, Newhall, CA,91321,NA,NA,NA,NA,NA,NA,NA,NA,NA,NA,NA,NA,NA,NA,NA,NA,NA,NA,NA,NA,NA,NA,NA,NA,NA,NA,NA,NA,NA,NA,NA,0,11,20,24,27,25,25,15,23,19,2,0,NA,NA,NA,NA,NA,NA,NA,NA,NA,NA,NA,NA,0,14,38,44,28,29,30,24,40,30,4,0,NA,NA,NA,NA,NA,NA,NA,NA,NA,NA,NA,NA,0,7,25,33,26,30,30,29,33,24,0,0,NA,NA,NA,NA,NA,NA,NA,NA,NA,NA,NA,NA,0,9,28,33,24,28,18,28,30,19,1,0,NA,NA,NA,NA,NA,NA,NA,NA,NA,NA,NA,NA,0,10,33,32,22,29,21,37,43,22,0,0,NA,NA,NA,NA,NA,NA,NA,NA,NA,NA,NA,NA,0,0,0,0,0,0,0,0,0,0,0,0,NA,NA,NA,NA,NA,1,1,1,1,1,1,1,1,NA
Lancaster,721 W Ave L6, Lancaster, CA,93535,NA,NA,NA,NA,NA,NA,NA,NA,NA,NA,NA,NA,NA,NA,NA,NA,NA,NA,NA,NA,NA,NA,NA,NA,NA,NA,NA,NA,NA,NA,NA,0,15,47,77,76,46,43,42,50,27,0,0,NA,NA,NA,NA,NA,NA,NA,NA,NA,NA,NA,NA,0,12,44,61,53,36,38,36,45,29,1,0,NA,NA,NA,NA,NA,NA,NA,NA,NA,NA,NA,NA,0,5,17,30,26,23,24,23,23,8,0,0,NA,NA,NA,NA,NA,NA,NA,NA,NA,NA,NA,NA,0,11,35,51,45,41,34,32,39,22,1,0,NA,NA,NA,NA,NA,NA,NA,NA,NA,NA,NA,NA,0,12,38,48,36,35,39,33,36,14,2,0,NA,NA,NA,NA,NA,NA,NA,NA,NA,NA,NA,NA,0,0,0,0,0,0,0,0,0,0,0,0,NA,NA,NA,NA,NA,1,1,1,1,1,1,1,1,NA
Glendale,1335 W Glenoaks Boulevard, Glendale, CA,91201,NA,NA,NA,NA,NA,NA,NA,NA,NA,NA,NA,NA,NA,NA,NA,NA,NA,NA,NA,NA,NA,NA,NA,NA,NA,NA,NA,NA,NA,NA,NA,0,15,38,46,30,41,38,30,34,19,4,0,NA,NA,NA,NA,NA,NA,NA,NA,NA,NA,NA,NA,0,16,42,53,33,38,43,32,41,25,4,0,NA,NA,NA,NA,NA,NA,NA,NA,NA,NA,NA,NA,0,7,17,34,29,24,32,33,31,20,4,0,NA,NA,NA,NA,NA,NA,NA,NA,NA,NA,NA,NA,0,14,35,45,29,38,41,30,26,15,5,1,NA,NA,NA,NA,NA,NA,NA,NA,NA,NA,NA,NA,0,10,29,35,24,34,33,35,32,20,8,0,NA,NA,NA,NA,NA,NA,NA,NA,NA,NA,NA,NA,0,0,0,0,0,0,0,0,0,0,0,0,NA,NA,NA,NA,NA,1,1,1,1,1,1,1,1,NA
Lincoln Park,3529 N Mission Road, Los Angeles, CA,90031,NA,NA,NA,NA,NA,NA,NA,NA,NA,NA,NA,NA,NA,NA,NA,NA,NA,NA,NA,NA,NA,NA,NA,NA,NA,NA,NA,NA,NA,NA,NA,0,11,44,47,29,29,36,44,55,56,1,0,NA,NA,NA,NA,NA,NA,NA,NA,NA,NA,NA,NA,0,13,45,42,32,27,36,44,47,45,0,0,NA,NA,NA,NA,NA,NA,NA,NA,NA,NA,NA,NA,0,4,18,27,25,28,27,33,42,25,0,0,NA,NA,NA,NA,NA,NA,NA,NA,NA,NA,NA,NA,0,10,34,32,25,27,32,34,45,45,13,0,NA,NA,NA,NA,NA,NA,NA,NA,NA,NA,NA,NA,0,10,31,31,22,19,22,24,37,19,0,0,NA,NA,NA,NA,NA,NA,NA,NA,NA,NA,NA,NA,0,0,0,0,0,0,0,0,0,0,0,0,NA,NA,NA,NA,NA,1,1,1,1,1,1,1,1,NA
Los Angeles,3615 S Hope Street, Los Angeles, CA,90007,NA,NA,NA,NA,NA,NA,NA,NA,NA,NA,NA,NA,NA,NA,NA,NA,NA,NA,NA,NA,NA,NA,NA,NA,NA,NA,NA,NA,NA,NA,NA,0,13,12,22,19,16,35,40,24,6,0,0,NA,NA,NA,NA,NA,NA,NA,NA,NA,NA,NA,NA,0,10,16,22,18,17,28,18,14,6,0,0,NA,NA,NA,NA,NA,NA,NA,NA,NA,NA,NA,NA,0,5,7,10,11,8,14,24,19,12,1,0,NA,NA,NA,NA,NA,NA,NA,NA,NA,NA,NA,NA,0,9,14,14,12,13,20,27,19,6,0,0,NA,NA,NA,NA,NA,NA,NA,NA,NA,NA,NA,NA,0,12,14,22,13,19,29,40,12,6,0,0,NA,NA,NA,NA,NA,NA,NA,NA,NA,NA,NA,NA,0,0,0,0,0,0,0,0,0,0,0,0,NA,NA,NA,NA,NA,1,1,1,1,1,1,1,1,NA
Pasadena,49 S Rosemead Boulevard, Pasadena, CA,91107,NA,NA,NA,NA,NA,NA,NA,NA,NA,NA,NA,NA,NA,NA,NA,NA,NA,NA,NA,NA,NA,NA,NA,NA,NA,NA,NA,NA,NA,NA,NA,0,11,11,13,13,11,10,11,17,11,3,0,NA,NA,NA,NA,NA,NA,NA,NA,NA,NA,NA,NA,0,12,11,13,10,13,16,12,14,11,2,0,NA,NA,NA,NA,NA,NA,NA,NA,NA,NA,NA,NA,0,6,10,12,9,7,6,5,6,6,1,0,NA,NA,NA,NA,NA,NA,NA,NA,NA,NA,NA,NA,0,10,7,8,7,5,5,8,10,7,2,0,NA,NA,NA,NA,NA,NA,NA,NA,NA,NA,NA,NA,0,8,10,12,10,12,10,8,14,8,3,0,NA,NA,NA,NA,NA,NA,NA,NA,NA,NA,NA,NA,0,0,0,0,0,0,0,0,0,0,0,0,NA,NA,NA,NA,NA,1,1,1,1,1,1,1,1,NA
West Hollywood,936 N Formosa Ave, West Hollywood, CA,90046,NA,NA,NA,NA,NA,NA,NA,NA,NA,NA,NA,NA,NA,NA,NA,NA,NA,NA,NA,NA,NA,NA,NA,NA,NA,NA,NA,NA,NA,NA,NA,0,8,7,11,13,10,11,13,8,14,3,0,NA,NA,NA,NA,NA,NA,NA,NA,NA,NA,NA,NA,0,9,12,11,14,10,12,11,11,14,3,0,NA,NA,NA,NA,NA,NA,NA,NA,NA,NA,NA,NA,0,3,9,12,13,8,8,10,11,11,3,0,NA,NA,NA,NA,NA,NA,NA,NA,NA,NA,NA,NA,0,6,5,9,17,9,9,12,10,11,2,0,NA,NA,NA,NA,NA,NA,NA,NA,NA,NA,NA,NA,0,8,9,12,10,7,11,14,15,12,2,0,NA,NA,NA,NA,NA,NA,NA,NA,NA,NA,NA,NA,0,0,0,0,0,0,0,0,0,0,0,0,NA,NA,NA,NA,NA,1,NA,1,1,NA,1,1,1,NA
Hollywood,803 Cole Avenue, Hollywood, CA,90038,NA,NA,NA,NA,NA,NA,NA,NA,NA,NA,NA,NA,NA,NA,NA,NA,NA,NA,NA,NA,NA,NA,NA,NA,NA,NA,NA,NA,NA,NA,NA,0,14,54,103,99,108,100,92,65,28,0,0,NA,NA,NA,NA,NA,NA,NA,NA,NA,NA,NA,NA,0,14,51,80,74,78,75,72,64,31,2,0,NA,NA,NA,NA,NA,NA,NA,NA,NA,NA,NA,NA,0,6,20,42,42,61,66,59,50,14,0,0,NA,NA,NA,NA,NA,NA,NA,NA,NA,NA,NA,NA,0,7,32,57,32,50,56,67,54,18,0,0,NA,NA,NA,NA,NA,NA,NA,NA,NA,NA,NA,NA,0,14,39,61,55,56,50,53,39,17,0,0,NA,NA,NA,NA,NA,NA,NA,NA,NA,NA,NA,NA,0,0,0,0,0,0,0,0,0,0,0,0,NA,NA,NA,NA,NA,NA,1,NA,NA,1,1,NA,1,NA
Palm Springs,950 N Farrell Drive, Palm Springs, CA,92262,NA,NA,NA,NA,NA,NA,NA,NA,NA,NA,NA,NA,NA,NA,NA,NA,NA,NA,NA,NA,NA,NA,NA,NA,NA,NA,NA,NA,NA,NA,NA,0,5,6,7,10,10,8,8,7,4,0,0,NA,NA,NA,NA,NA,NA,NA,NA,NA,NA,NA,NA,0,6,5,5,9,7,6,4,7,3,0,0,NA,NA,NA,NA,NA,NA,NA,NA,NA,NA,NA,NA,0,1,4,4,3,7,9,6,6,4,0,0,NA,NA,NA,NA,NA,NA,NA,NA,NA,NA,NA,NA,0,5,3,4,3,8,7,4,5,2,0,0,NA,NA,NA,NA,NA,NA,NA,NA,NA,NA,NA,NA,0,4,3,7,5,7,5,2,4,3,0,0,NA,NA,NA,NA,NA,NA,NA,NA,NA,NA,NA,NA,0,0,0,0,0,0,0,0,0,0,0,0,NA,NA,NA,NA,NA,1,1,1,1,1,1,1,1,NA
Indio,44480 Jackson St, Indio, CA,92201,NA,NA,NA,NA,NA,NA,NA,NA,NA,NA,NA,NA,NA,NA,NA,NA,NA,NA,NA,NA,NA,NA,NA,NA,NA,NA,NA,NA,NA,NA,NA,0,8,13,22,26,30,32,30,26,16,3,0,NA,NA,NA,NA,NA,NA,NA,NA,NA,NA,NA,NA,0,10,18,30,33,25,26,26,22,13,4,0,NA,NA,NA,NA,NA,NA,NA,NA,NA,NA,NA,NA,0,2,8,16,20,12,24,26,15,8,1,0,NA,NA,NA,NA,NA,NA,NA,NA,NA,NA,NA,NA,0,4,4,5,7,10,13,12,12,9,1,0,NA,NA,NA,NA,NA,NA,NA,NA,NA,NA,NA,NA,0,6,5,11,10,6,10,20,17,10,1,0,NA,NA,NA,NA,NA,NA,NA,NA,NA,NA,NA,NA,0,0,0,0,0,0,0,0,0,0,0,0,NA,NA,NA,NA,NA,1,1,1,1,1,1,1,1,NA
Palm Desert,74-740 Technology Drive, Palm Desert, CA,92211,NA,NA,NA,NA,NA,NA,NA,NA,NA,NA,NA,NA,NA,NA,NA,NA,NA,NA,NA,NA,NA,NA,NA,NA,NA,NA,NA,NA,NA,NA,NA,0,11,31,32,21,27,27,17,10,7,2,0,NA,NA,NA,NA,NA,NA,NA,NA,NA,NA,NA,NA,0,12,29,31,15,13,17,14,24,9,1,0,NA,NA,NA,NA,NA,NA,NA,NA,NA,NA,NA,NA,0,3,12,20,14,18,19,8,8,2,0,0,NA,NA,NA,NA,NA,NA,NA,NA,NA,NA,NA,NA,0,8,19,18,7,10,9,6,6,3,0,0,NA,NA,NA,NA,NA,NA,NA,NA,NA,NA,NA,NA,0,8,19,13,9,15,16,12,14,8,4,0,NA,NA,NA,NA,NA,NA,NA,NA,NA,NA,NA,NA,0,0,0,0,0,0,0,0,0,0,0,0,NA,NA,NA,NA,NA,1,1,1,1,1,1,1,1,NA
Twentynine Palms,3668 Adobe Road G-J, Twentynine Palms, CA,92277,NA,NA,NA,NA,NA,NA,NA,NA,NA,NA,NA,NA,NA,NA,NA,NA,NA,NA,NA,NA,NA,NA,NA,NA,NA,NA,NA,NA,NA,NA,NA,0,8,15,19,13,8,15,13,17,8,1,0,NA,NA,NA,NA,NA,NA,NA,NA,NA,NA,NA,NA,0,13,17,13,20,8,11,14,13,7,0,0,NA,NA,NA,NA,NA,NA,NA,NA,NA,NA,NA,NA,0,2,5,11,7,8,10,10,10,3,0,0,NA,NA,NA,NA,NA,NA,NA,NA,NA,NA,NA,NA,0,7,9,9,7,5,8,6,5,8,1,0,NA,NA,NA,NA,NA,NA,NA,NA,NA,NA,NA,NA,0,10,17,10,7,6,10,9,13,10,1,0,NA,NA,NA,NA,NA,NA,NA,NA,NA,NA,NA,NA,0,0,0,0,0,0,0,0,0,0,0,0,NA,NA,NA,NA,NA,1,1,1,1,1,1,1,1,NA
Fontana Commercial Drive Test Center,10207 Poplar Ave, Fontana, CA,92335,NA,NA,NA,NA,NA,NA,NA,NA,NA,NA,NA,NA,NA,NA,NA,NA,NA,NA,NA,NA,NA,NA,NA,NA,NA,NA,NA,NA,NA,NA,NA,15,11,22,27,36,53,45,29,16,2,0,0,NA,NA,NA,NA,NA,NA,NA,NA,NA,NA,NA,NA,6,19,17,6,15,27,22,7,4,0,0,0,NA,NA,NA,NA,NA,NA,NA,NA,NA,NA,NA,NA,1,14,26,27,18,26,16,14,6,0,0,0,NA,NA,NA,NA,NA,NA,NA,NA,NA,NA,NA,NA,7,21,30,33,39,49,52,45,40,3,0,0,NA,NA,NA,NA,NA,NA,NA,NA,NA,NA,NA,NA,8,16,12,11,17,27,25,17,6,2,0,0,NA,NA,NA,NA,NA,NA,NA,NA,NA,NA,NA,NA,0,0,0,0,0,0,0,0,0,0,0,0,NA,NA,NA,NA,NA,NA,NA,NA,NA,1,1,NA,1,NA
Victorville,14855 Corta Drive, Victorville, CA,92395,NA,NA,NA,NA,NA,NA,NA,NA,NA,NA,NA,NA,NA,NA,NA,NA,NA,NA,NA,NA,NA,NA,NA,NA,NA,NA,NA,NA,NA,NA,NA,1,16,40,64,81,77,57,55,50,14,0,0,NA,NA,NA,NA,NA,NA,NA,NA,NA,NA,NA,NA,1,11,33,53,56,57,47,43,43,19,0,0,NA,NA,NA,NA,NA,NA,NA,NA,NA,NA,NA,NA,1,6,17,37,45,37,37,23,19,6,0,0,NA,NA,NA,NA,NA,NA,NA,NA,NA,NA,NA,NA,1,10,25,37,41,44,44,27,20,8,0,0,NA,NA,NA,NA,NA,NA,NA,NA,NA,NA,NA,NA,1,10,27,45,50,48,47,35,34,13,0,0,NA,NA,NA,NA,NA,NA,NA,NA,NA,NA,NA,NA,0,0,0,0,0,0,0,0,0,0,0,0,NA,NA,NA,NA,NA,1,1,1,1,1,1,1,1,NA
Mariposa,5264 Highway 49-North, Mariposa, CA,95338,NA,NA,NA,NA,NA,NA,NA,NA,NA,NA,NA,NA,NA,NA,NA,NA,NA,NA,NA,NA,NA,NA,NA,NA,NA,NA,NA,NA,NA,NA,NA,0,13,38,24,25,22,32,41,22,6,0,0,NA,NA,NA,NA,NA,NA,NA,NA,NA,NA,NA,NA,0,18,29,45,23,27,26,26,22,11,0,0,NA,NA,NA,NA,NA,NA,NA,NA,NA,NA,NA,NA,0,5,14,22,23,16,23,14,16,4,0,0,NA,NA,NA,NA,NA,NA,NA,NA,NA,NA,NA,NA,0,14,28,27,23,8,18,19,12,2,0,0,NA,NA,NA,NA,NA,NA,NA,NA,NA,NA,NA,NA,0,10,18,25,35,25,28,23,32,9,0,0,NA,NA,NA,NA,NA,NA,NA,NA,NA,NA,NA,NA,0,0,0,0,0,0,0,0,0,0,0,0,NA,NA,NA,NA,NA,1,1,1,1,1,1,1,1,NA
El Centro,233 N Imperial Avenue, El Centro, CA,92243,NA,NA,NA,NA,NA,NA,NA,NA,NA,NA,NA,NA,NA,NA,NA,NA,NA,NA,NA,NA,NA,NA,NA,NA,NA,NA,NA,NA,NA,NA,NA,0,19,41,50,63,54,60,61,62,32,3,0,NA,NA,NA,NA,NA,NA,NA,NA,NA,NA,NA,NA,0,16,32,40,44,42,46,42,43,33,7,0,NA,NA,NA,NA,NA,NA,NA,NA,NA,NA,NA,NA,0,4,7,15,24,28,42,42,34,31,0,0,NA,NA,NA,NA,NA,NA,NA,NA,NA,NA,NA,NA,0,12,22,23,31,22,23,18,18,20,0,0,NA,NA,NA,NA,NA,NA,NA,NA,NA,NA,NA,NA,0,14,20,21,22,20,22,34,41,49,2,0,NA,NA,NA,NA,NA,NA,NA,NA,NA,NA,NA,NA,0,0,0,0,0,0,0,0,0,0,0,0,NA,NA,NA,NA,NA,1,1,1,1,1,1,1,1,NA
Brawley,1175 East Main Street, Brawley, CA,92227,NA,NA,NA,NA,NA,NA,NA,NA,NA,NA,NA,NA,NA,NA,NA,NA,NA,NA,NA,NA,NA,NA,NA,NA,NA,NA,NA,NA,NA,NA,NA,0,11,20,28,23,24,26,29,22,14,0,0,NA,NA,NA,NA,NA,NA,NA,NA,NA,NA,NA,NA,0,9,9,12,12,19,25,17,18,7,0,0,NA,NA,NA,NA,NA,NA,NA,NA,NA,NA,NA,NA,0,5,15,13,14,11,16,12,10,13,1,0,NA,NA,NA,NA,NA,NA,NA,NA,NA,NA,NA,NA,0,9,6,11,9,11,12,11,9,7,0,0,NA,NA,NA,NA,NA,NA,NA,NA,NA,NA,NA,NA,0,10,9,13,13,10,14,7,8,10,1,0,NA,NA,NA,NA,NA,NA,NA,NA,NA,NA,NA,NA,0,0,0,0,0,0,0,0,0,0,0,0,NA,NA,NA,NA,NA,1,1,1,1,1,1,1,1,NA
Mendota,655 Quince Street, Mendota, CA,93640,NA,NA,NA,NA,NA,NA,NA,NA,NA,NA,NA,NA,NA,NA,NA,NA,NA,NA,NA,NA,NA,NA,NA,NA,NA,NA,NA,NA,NA,NA,NA,0,0,0,0,0,0,0,0,0,0,0,0,NA,NA,NA,NA,NA,NA,NA,NA,NA,NA,NA,NA,0,0,0,0,0,0,0,0,0,0,0,0,NA,NA,NA,NA,NA,NA,NA,NA,NA,NA,NA,NA,0,0,0,0,0,0,0,0,0,0,0,0,NA,NA,NA,NA,NA,NA,NA,NA,NA,NA,NA,NA,0,0,9,19,12,0,5,17,10,0,0,0,NA,NA,NA,NA,NA,NA,NA,NA,NA,NA,NA,NA,0,0,12,18,12,0,6,23,14,0,0,0,NA,NA,NA,NA,NA,NA,NA,NA,NA,NA,NA,NA,0,0,0,0,0,0,0,0,0,0,0,0,NA,NA,NA,NA,NA,NA,NA,NA,NA,NA,1,NA,1,NA
King City,101 E San Antonio Dr, King City, CA,93930,NA,NA,NA,NA,NA,NA,NA,NA,NA,NA,NA,NA,NA,NA,NA,NA,NA,NA,NA,NA,NA,NA,NA,NA,NA,NA,NA,NA,NA,NA,NA,0,7,19,27,20,22,19,18,17,8,0,0,NA,NA,NA,NA,NA,NA,NA,NA,NA,NA,NA,NA,0,13,17,14,11,12,20,15,11,7,0,0,NA,NA,NA,NA,NA,NA,NA,NA,NA,NA,NA,NA,0,3,9,12,21,17,15,17,12,3,0,0,NA,NA,NA,NA,NA,NA,NA,NA,NA,NA,NA,NA,0,6,10,11,13,13,11,15,15,10,0,0,NA,NA,NA,NA,NA,NA,NA,NA,NA,NA,NA,NA,0,11,16,9,17,11,12,16,15,9,0,0,NA,NA,NA,NA,NA,NA,NA,NA,NA,NA,NA,NA,0,0,0,0,0,0,0,0,0,0,0,0,NA,NA,NA,NA,NA,1,1,1,1,1,1,1,1,NA
Coalinga,406 East Elm Avenue, Coalinga, CA,93210,NA,NA,NA,NA,NA,NA,NA,NA,NA,NA,NA,NA,NA,NA,NA,NA,NA,NA,NA,NA,NA,NA,NA,NA,NA,NA,NA,NA,NA,NA,NA,0,5,12,23,24,43,59,49,38,26,0,0,NA,NA,NA,NA,NA,NA,NA,NA,NA,NA,NA,NA,0,5,7,10,9,27,28,15,4,3,0,0,NA,NA,NA,NA,NA,NA,NA,NA,NA,NA,NA,NA,0,1,5,14,17,9,9,11,4,3,0,0,NA,NA,NA,NA,NA,NA,NA,NA,NA,NA,NA,NA,0,5,15,14,17,26,32,26,25,15,0,0,NA,NA,NA,NA,NA,NA,NA,NA,NA,NA,NA,NA,0,2,3,7,6,9,10,11,7,2,0,0,NA,NA,NA,NA,NA,NA,NA,NA,NA,NA,NA,NA,0,0,0,0,0,0,0,0,0,0,0,0,NA,NA,NA,NA,NA,1,1,1,1,1,1,1,1,NA
Fresno Commercial Drive Test Center,735 E North Ave, Fresno, CA,93725,NA,NA,NA,NA,NA,NA,NA,NA,NA,NA,NA,NA,NA,NA,NA,NA,NA,NA,NA,NA,NA,NA,NA,NA,NA,NA,NA,NA,NA,NA,NA,4,12,16,11,14,22,22,18,10,1,0,0,NA,NA,NA,NA,NA,NA,NA,NA,NA,NA,NA,NA,4,11,8,9,15,22,27,13,9,0,0,0,NA,NA,NA,NA,NA,NA,NA,NA,NA,NA,NA,NA,1,9,16,13,11,13,13,9,6,0,0,0,NA,NA,NA,NA,NA,NA,NA,NA,NA,NA,NA,NA,3,9,7,6,6,13,11,5,5,0,0,0,NA,NA,NA,NA,NA,NA,NA,NA,NA,NA,NA,NA,3,13,13,12,16,13,15,14,10,0,0,0,NA,NA,NA,NA,NA,NA,NA,NA,NA,NA,NA,NA,0,0,0,0,0,0,0,0,0,0,0,0,NA,NA,NA,NA,NA,NA,NA,NA,NA,1,1,NA,1,NA
Sonora,885 Morning Star Drive, Sonora, CA,95370,NA,NA,NA,NA,NA,NA,NA,NA,NA,NA,NA,NA,NA,NA,NA,NA,NA,NA,NA,NA,NA,NA,NA,NA,NA,NA,NA,NA,NA,NA,NA,0,8,31,35,17,17,14,20,18,9,0,0,NA,NA,NA,NA,NA,NA,NA,NA,NA,NA,NA,NA,0,10,23,20,21,24,19,22,15,5,0,0,NA,NA,NA,NA,NA,NA,NA,NA,NA,NA,NA,NA,0,1,4,13,15,17,14,11,10,3,0,0,NA,NA,NA,NA,NA,NA,NA,NA,NA,NA,NA,NA,0,5,10,9,13,14,7,13,17,3,0,0,NA,NA,NA,NA,NA,NA,NA,NA,NA,NA,NA,NA,0,5,8,5,8,12,14,16,7,3,0,0,NA,NA,NA,NA,NA,NA,NA,NA,NA,NA,NA,NA,0,0,0,0,0,0,0,0,0,0,0,0,NA,NA,NA,NA,NA,1,1,1,1,1,1,1,1,NA
